original_prdomain,  original_problem,  trans_domain,  trans_problem, domain, task_name, requirements, types, objects, predicates, functions, init, goal, actions, axioms, use_min_cost_metric, generated_rules, relevant_atoms, auxiliary_atoms, final_queue_length, total_queue_pushes, implied_effects_removed, effect_conditions_simplified, implied_preconditions_added, translator_variables, translator_derived_variables, translator_facts, translator_mutex_groups, translator_total_mutex_groups_size, translator_operators, translator_task_size, numberVariablesCG, highLevelVariablesCG, totalEdgesCG, totalWeightCG, veRatio, weRatio, wvRatio, hvRatio, inputEdgeCGMax, inputEdgeCGAvg, inputEdgeCGStd, outputEdgeCGMax, outputEdgeCGAvg, outputEdgeCGStd, inputWeightCGMax, inputWeightCGAvg, inputWeightCGStd, outputWeightCGMax, outputWeightCGAvg, outputWeightCGStd, inputEdgeHVMax, inputEdgeHVAvg, inputEdgeHVStd, outputEdgeHVMax, outputEdgeHVAvg, outputEdgeHVStd, inputWeightHVMax, inputWeightHVAvg, inputWeightHVStd, outputWeightHVMax, outputWeightHVAvg, outputWeightHVStd, numberVariablesDTG, totalEdgesDTG, totalWeigthDTG, edVaRatioDTG, weEdRatioDTG, weVaRatioDTG, inputEdgeDTGMax, inputEdgeDTGAvg, inputEdgeDTGStd, outputEdgeDTGMax, outputEdgeDTGAvg, outputEdgeDTGStd, inputWeightDTGMax, inputWeightDTGAvg, inputWeightDTGStd, outputWeightDTGMax, outputWeightDTGAvg, outputWeightDTGStd, no, file, num_relevant_facts, num_actions, h_max, h_ff, h_ff_ratio, rp_fact_balance_min, rp_fact_balance_avg, rp_fact_balance_var, rp_goal_balance_min, rp_goal_balance_avg, rp_goal_balance_var  , balance_Ratio, Unbalance_Ratio, Balance_Distorsion, Additive, Blind, Causal_graph, Context-enhanced_additive, FF, Goal_count, Landmark_count, Landmark-cut, Max       , n_landmarks, numberEdges, edVaratioLand, numberFatherNodes, numberChildrenNodes, nodosbetween      , avginput, maxinput, stdinput     , avgoutput, maxoutput, stdoutput       , blackVariables, blackRootVariables       , redBlackVariables, allpairsvaluesconnected, allvaluesconnectedgoal        , blackstronglpyarents, Maximaleffectsblack , Hred-black  ,usefulPlans
/home/isabel/clean_gr_benchmarks/blocks-world/domain.pddl, /home/isabel/clean_gr_benchmarks/blocks-world/p0.pddl, /home/isabel/clean_gr_benchmarks/blocks-world/domain.pddl, /home/isabel/clean_gr_benchmarks/blocks-world/p0.pddl, blocks,blocks_words,3,2,8,6,0,14,5,4,0,0,21,258,168,426,703,0,184,0,17,0,90,17,153,128,1201,17,5,216,904,0.0787037,4.18519,53.1765,0.294118,16,12.7059,3.49394,16,12.7059,3.49394,184,53.1765,32.7203,248,53.1765,51.7417,16,3.05882,4.97607,59,8.88235,15.8221,46,13.4118,20.7819,59,8.88235,15.8221,90,384,1064,0.360902,0.234375,1,40,5.89542,1.59788,32,4.48366,0.684806,77,12.1863,2.96749,96,12.1863,0.684806,1, /home/isabel/clean_gr_benchmarks/blocks-world/p0.pddl,81,128,3,6,2,-1,0,0.351364,0,0.6,0.489898,5.679688,0.984375,3,8,1,8,8,6,3,7,6,3,16,38,2375,8,4,4,2375,7,2,2375,8,2.82843,4,0,17,0,0,0,9,6,3
/home/isabel/clean_gr_benchmarks/blocks-world/domain.pddl, /home/isabel/clean_gr_benchmarks/blocks-world/p1.pddl, /home/isabel/clean_gr_benchmarks/blocks-world/domain.pddl, /home/isabel/clean_gr_benchmarks/blocks-world/p1.pddl, blocks,blocks_words,3,2,8,6,0,14,4,4,0,0,21,258,168,426,703,0,184,0,17,0,90,17,153,128,1200,17,4,216,904,0.0787037,4.18519,53.1765,0.235294,16,12.7059,3.49394,16,12.7059,3.49394,184,53.1765,32.7203,248,53.1765,51.7417,16,2.52941,4.79114,59,7.52941,15.5379,46,10.7059,19.3049,59,7.52941,15.5379,90,384,1064,0.360902,0.234375,1,40,5.89542,1.59788,32,4.27778,0.684806,75,12.1275,2.96749,96,11.7451,0.684806,1, /home/isabel/clean_gr_benchmarks/blocks-world/p1.pddl,81,128,3,7,2.333333,-1,-0.012346,0.400427,0,0.75,0.433013,6.546875,1.273438,6,8,1,8,8,7,3,7,7,3,16,33,2.0625,9,3,4,2.0625,7,1.41421,2.0625,7,2.44949,5,0,17,0,0,0,9,7,4
/home/isabel/clean_gr_benchmarks/blocks-world/domain.pddl, /home/isabel/clean_gr_benchmarks/blocks-world/p10.pddl, /home/isabel/clean_gr_benchmarks/blocks-world/domain.pddl, /home/isabel/clean_gr_benchmarks/blocks-world/p10.pddl, blocks,blocks_words,3,2,8,6,0,14,5,4,0,0,21,258,168,426,703,0,184,0,17,0,90,17,153,128,1201,17,5,216,904,0.0787037,4.18519,53.1765,0.294118,16,12.7059,3.49394,16,12.7059,3.49394,184,53.1765,32.7203,248,53.1765,51.7417,16,3.05882,4.97607,59,8.88235,15.8221,46,13.4118,20.7819,59,8.88235,15.8221,90,384,1064,0.360902,0.234375,1,40,5.89542,1.59788,32,4.48366,0.684806,77,12.1863,2.96749,96,12.1863,0.684806,1, /home/isabel/clean_gr_benchmarks/blocks-world/p10.pddl,81,128,3,7,2.333333,-1,-0.037037,0.398901,0,0.6,0.489898,5.734375,1.273438,6,8,1,8,8,7,3,7,7,3,18,34,1.88889,10,4,4,1.88889,7,1.41421,1.88889,7,2.44949,4,0,17,0,0,0,9,7,2
,,,,,,,,,,,,,,,,,,,,,,,,,,,,,,,,,,,,,,,,,,,,,,,,,,,,,,,,,,,,,,,,,,,,,,,,,,,,,,,,,,,,,,,,,,,,,,,,,,,,,,,,,,,,,,,,,,,,,,,,,,,,,,
,,,,,,,,,,,,,,,,,,,,,,,,,,,,,,,,,,,,,,,,,,,,,,,,,,,,,,,,,,,,,,,,,,,,,,,,,,,,,,,,,,,,,,,,,,,,,,,,,,,,,,,,,,,,,,,,,,,,,,,,,,,,,,
,,,,,,,,,,,,,,,,,,,,,,,,,,,,,,,,,,,,,,,,,,,,,,,,,,,,,,,,,,,,,,,,,,,,,,,,,,,,,,,,,,,,,,,,,,,,,,,,,,,,,,,,,,,,,,,,,,,,,,,,,,,,,,
,,,,,,,,,,,,,,,,,,,,,,,,,,,,,,,,,,,,,,,,,,,,,,,,,,,,,,,,,,,,,,,,,,,,,,,,,,,,,,,,,,,,,,,,,,,,,,,,,,,,,,,,,,,,,,,,,,,,,,,,,,,,,,
,,,,,,,,,,,,,,,,,,,,,,,,,,,,,,,,,,,,,,,,,,,,,,,,,,,,,,,,,,,,,,,,,,,,,,,,,,,,,,,,,,,,,,,,,,,,,,,,,,,,,,,,,,,,,,,,,,,,,,,,,,,,,,
,,,,,,,,,,,,,,,,,,,,,,,,,,,,,,,,,,,,,,,,,,,,,,,,,,,,,,,,,,,,,,,,,,,,,,,,,,,,,,,,,,,,,,,,,,,,,,,,,,,,,,,,,,,,,,,,,,,,,,,,,,,,,,
,,,,,,,,,,,,,,,,,,,,,,,,,,,,,,,,,,,,,,,,,,,,,,,,,,,,,,,,,,,,,,,,,,,,,,,,,,,,,,,,,,,,,,,,,,,,,,,,,,,,,,,,,,,,,,,,,,,,,,,,,,,,,,
,,,,,,,,,,,,,,,,,,,,,,,,,,,,,,,,,,,,,,,,,,,,,,,,,,,,,,,,,,,,,,,,,,,,,,,,,,,,,,,,,,,,,,,,,,,,,,,,,,,,,,,,,,,,,,,,,,,,,,,,,,,,,,
,,,,,,,,,,,,,,,,,,,,,,,,,,,,,,,,,,,,,,,,,,,,,,,,,,,,,,,,,,,,,,,,,,,,,,,,,,,,,,,,,,,,,,,,,,,,,,,,,,,,,,,,,,,,,,,,,,,,,,,,,,,,,,
,,,,,,,,,,,,,,,,,,,,,,,,,,,,,,,,,,,,,,,,,,,,,,,,,,,,,,,,,,,,,,,,,,,,,,,,,,,,,,,,,,,,,,,,,,,,,,,,,,,,,,,,,,,,,,,,,,,,,,,,,,,,,,
,,,,,,,,,,,,,,,,,,,,,,,,,,,,,,,,,,,,,,,,,,,,,,,,,,,,,,,,,,,,,,,,,,,,,,,,,,,,,,,,,,,,,,,,,,,,,,,,,,,,,,,,,,,,,,,,,,,,,,,,,,,,,,
,,,,,,,,,,,,,,,,,,,,,,,,,,,,,,,,,,,,,,,,,,,,,,,,,,,,,,,,,,,,,,,,,,,,,,,,,,,,,,,,,,,,,,,,,,,,,,,,,,,,,,,,,,,,,,,,,,,,,,,,,,,,,,
,,,,,,,,,,,,,,,,,,,,,,,,,,,,,,,,,,,,,,,,,,,,,,,,,,,,,,,,,,,,,,,,,,,,,,,,,,,,,,,,,,,,,,,,,,,,,,,,,,,,,,,,,,,,,,,,,,,,,,,,,,,,,,
,,,,,,,,,,,,,,,,,,,,,,,,,,,,,,,,,,,,,,,,,,,,,,,,,,,,,,,,,,,,,,,,,,,,,,,,,,,,,,,,,,,,,,,,,,,,,,,,,,,,,,,,,,,,,,,,,,,,,,,,,,,,,,
,,,,,,,,,,,,,,,,,,,,,,,,,,,,,,,,,,,,,,,,,,,,,,,,,,,,,,,,,,,,,,,,,,,,,,,,,,,,,,,,,,,,,,,,,,,,,,,,,,,,,,,,,,,,,,,,,,,,,,,,,,,,,,
,,,,,,,,,,,,,,,,,,,,,,,,,,,,,,,,,,,,,,,,,,,,,,,,,,,,,,,,,,,,,,,,,,,,,,,,,,,,,,,,,,,,,,,,,,,,,,,,,,,,,,,,,,,,,,,,,,,,,,,,,,,,,,
,,,,,,,,,,,,,,,,,,,,,,,,,,,,,,,,,,,,,,,,,,,,,,,,,,,,,,,,,,,,,,,,,,,,,,,,,,,,,,,,,,,,,,,,,,,,,,,,,,,,,,,,,,,,,,,,,,,,,,,,,,,,,,
,,,,,,,,,,,,,,,,,,,,,,,,,,,,,,,,,,,,,,,,,,,,,,,,,,,,,,,,,,,,,,,,,,,,,,,,,,,,,,,,,,,,,,,,,,,,,,,,,,,,,,,,,,,,,,,,,,,,,,,,,,,,,,
,,,,,,,,,,,,,,,,,,,,,,,,,,,,,,,,,,,,,,,,,,,,,,,,,,,,,,,,,,,,,,,,,,,,,,,,,,,,,,,,,,,,,,,,,,,,,,,,,,,,,,,,,,,,,,,,,,,,,,,,,,,,,,
,,,,,,,,,,,,,,,,,,,,,,,,,,,,,,,,,,,,,,,,,,,,,,,,,,,,,,,,,,,,,,,,,,,,,,,,,,,,,,,,,,,,,,,,,,,,,,,,,,,,,,,,,,,,,,,,,,,,,,,,,,,,,,
,,,,,,,,,,,,,,,,,,,,,,,,,,,,,,,,,,,,,,,,,,,,,,,,,,,,,,,,,,,,,,,,,,,,,,,,,,,,,,,,,,,,,,,,,,,,,,,,,,,,,,,,,,,,,,,,,,,,,,,,,,,,,,
/home/isabel/clean_gr_benchmarks/blocks-world/domain.pddl, /home/isabel/clean_gr_benchmarks/blocks-world/p12.pddl, /home/isabel/clean_gr_benchmarks/blocks-world/domain.pddl, /home/isabel/clean_gr_benchmarks/blocks-world/p12.pddl, blocks,blocks_words,3,2,8,6,0,14,5,4,0,0,21,258,168,426,703,0,184,0,17,0,90,17,153,128,1201,17,5,216,904,0.0787037,4.18519,53.1765,0.294118,16,12.7059,3.49394,16,12.7059,3.49394,184,53.1765,32.7203,248,53.1765,51.7417,16,3.05882,4.97607,59,8.88235,15.8221,46,13.4118,20.7819,59,8.88235,15.8221,90,384,1064,0.360902,0.234375,1,40,5.89542,1.59788,32,4.48366,0.684806,77,12.1863,2.96749,96,12.1863,0.684806,1, /home/isabel/clean_gr_benchmarks/blocks-world/p12.pddl,81,128,2,6,3,-1,-0.024691,0.350496,0,0.6,0.489898,2.601562,0.867188,3,6,1,6,6,6,3,6,6,2,15,24,1.6,8,4,3,1.6,6,1,1.6,5,1.73205,4,0,17,0,0,0,9,6,1
,,,,,,,,,,,,,,,,,,,,,,,,,,,,,,,,,,,,,,,,,,,,,,,,,,,,,,,,,,,,,,,,,,,,,,,,,,,,,,,,,,,,,,,,,,,,,,,,,,,,,,,,,,,,,,,,,,,,,,,,,,,,,,
,,,,,,,,,,,,,,,,,,,,,,,,,,,,,,,,,,,,,,,,,,,,,,,,,,,,,,,,,,,,,,,,,,,,,,,,,,,,,,,,,,,,,,,,,,,,,,,,,,,,,,,,,,,,,,,,,,,,,,,,,,,,,,
,,,,,,,,,,,,,,,,,,,,,,,,,,,,,,,,,,,,,,,,,,,,,,,,,,,,,,,,,,,,,,,,,,,,,,,,,,,,,,,,,,,,,,,,,,,,,,,,,,,,,,,,,,,,,,,,,,,,,,,,,,,,,,
,,,,,,,,,,,,,,,,,,,,,,,,,,,,,,,,,,,,,,,,,,,,,,,,,,,,,,,,,,,,,,,,,,,,,,,,,,,,,,,,,,,,,,,,,,,,,,,,,,,,,,,,,,,,,,,,,,,,,,,,,,,,,,
,,,,,,,,,,,,,,,,,,,,,,,,,,,,,,,,,,,,,,,,,,,,,,,,,,,,,,,,,,,,,,,,,,,,,,,,,,,,,,,,,,,,,,,,,,,,,,,,,,,,,,,,,,,,,,,,,,,,,,,,,,,,,,
/home/isabel/clean_gr_benchmarks/blocks-world/domain.pddl, /home/isabel/clean_gr_benchmarks/blocks-world/p17.pddl, /home/isabel/clean_gr_benchmarks/blocks-world/domain.pddl, /home/isabel/clean_gr_benchmarks/blocks-world/p17.pddl, blocks,blocks_words,3,2,8,6,0,14,5,4,0,0,21,258,168,426,703,0,184,0,17,0,90,17,153,128,1201,17,5,216,904,0.0787037,4.18519,53.1765,0.294118,16,12.7059,3.49394,16,12.7059,3.49394,184,53.1765,32.7203,248,53.1765,51.7417,16,3.05882,4.97607,59,8.88235,15.8221,46,13.4118,20.7819,59,8.88235,15.8221,90,384,1064,0.360902,0.234375,1,40,5.89542,1.59788,32,4.48366,0.684806,77,12.1863,2.96749,96,12.1863,0.684806,1, /home/isabel/clean_gr_benchmarks/blocks-world/p17.pddl,81,128,3,6,2,-1,-0.024691,0.350496,0,0.8,0.4,5.679688,0.695312,2,8,1,7,8,6,4,7,6,3,16,33,2.0625,8,4,4,2.0625,7,1.73205,2.0625,8,2.44949,4,0,17,0,0,0,9,6,1
/home/isabel/clean_gr_benchmarks/blocks-world/domain.pddl, /home/isabel/clean_gr_benchmarks/blocks-world/p18.pddl, /home/isabel/clean_gr_benchmarks/blocks-world/domain.pddl, /home/isabel/clean_gr_benchmarks/blocks-world/p18.pddl, blocks,blocks_words,3,2,8,6,0,14,5,4,0,0,21,258,168,426,703,0,184,0,17,0,90,17,153,128,1201,17,5,216,904,0.0787037,4.18519,53.1765,0.294118,16,12.7059,3.49394,16,12.7059,3.49394,184,53.1765,32.7203,248,53.1765,51.7417,16,3.05882,4.97607,59,8.88235,15.8221,46,13.4118,20.7819,59,8.88235,15.8221,90,384,1064,0.360902,0.234375,1,40,5.89542,1.59788,32,4.48366,0.684806,77,12.1863,2.96749,96,12.1863,0.684806,1, /home/isabel/clean_gr_benchmarks/blocks-world/p18.pddl,81,128,3,6,2,-1,-0.012346,0.333105,0,0.6,0.489898,6.203125,0.984375,3,8,1,8,8,6,3,7,6,3,16,37,2.3125,8,4,4,2.3125,7,2,2.3125,8,2.64575,4,0,17,0,0,0,9,6,1
/home/isabel/clean_gr_benchmarks/blocks-world/domain.pddl, /home/isabel/clean_gr_benchmarks/blocks-world/p19.pddl, /home/isabel/clean_gr_benchmarks/blocks-world/domain.pddl, /home/isabel/clean_gr_benchmarks/blocks-world/p19.pddl, blocks,blocks_words,3,2,8,6,0,14,4,4,0,0,21,258,168,426,703,0,184,0,17,0,90,17,153,128,1200,17,4,216,904,0.0787037,4.18519,53.1765,0.235294,16,12.7059,3.49394,16,12.7059,3.49394,184,53.1765,32.7203,248,53.1765,51.7417,16,2.52941,4.79114,59,7.52941,15.5379,46,10.7059,19.3049,59,7.52941,15.5379,90,384,1064,0.360902,0.234375,1,40,5.89542,1.59788,32,4.27778,0.684806,75,12.1275,2.96749,96,11.7451,0.684806,1, /home/isabel/clean_gr_benchmarks/blocks-world/p19.pddl,81,128,3,6,2,-2,-0.037037,0.456623,0,0.75,0.433013,4.75,1.914062,10,8,1,7,8,6,3,6,6,3,17,32,1.88235,10,3,4,1.88235,6,1.41421,1.88235,9,2.64575,5,0,17,0,0,0,9,6,16
/home/isabel/clean_gr_benchmarks/blocks-world/domain.pddl, /home/isabel/clean_gr_benchmarks/blocks-world/p2.pddl, /home/isabel/clean_gr_benchmarks/blocks-world/domain.pddl, /home/isabel/clean_gr_benchmarks/blocks-world/p2.pddl, blocks,blocks_words,3,2,8,6,0,14,4,4,0,0,21,258,168,426,703,0,184,0,17,0,90,17,153,128,1200,17,4,216,904,0.0787037,4.18519,53.1765,0.235294,16,12.7059,3.49394,16,12.7059,3.49394,184,53.1765,32.7203,248,53.1765,51.7417,16,2.52941,4.79114,59,7.52941,15.5379,46,10.7059,19.3049,59,7.52941,15.5379,90,384,1064,0.360902,0.234375,1,40,5.89542,1.59788,32,4.27778,0.684806,75,12.1275,2.96749,96,11.7451,0.684806,1, /home/isabel/clean_gr_benchmarks/blocks-world/p2.pddl,81,128,3,5,1.666667,-1,-0.012346,0.368307,0,0.5,0.5,4.460938,0.984375,4,6,1,6,6,5,2,5,5,3,14,26,1.85714,8,3,3,1.85714,5,1,1.85714,7,2.44949,5,0,17,0,0,0,9,5,3
,,,,,,,,,,,,,,,,,,,,,,,,,,,,,,,,,,,,,,,,,,,,,,,,,,,,,,,,,,,,,,,,,,,,,,,,,,,,,,,,,,,,,,,,,,,,,,,,,,,,,,,,,,,,,,,,,,,,,,,,,,,,,,
/home/isabel/clean_gr_benchmarks/blocks-world/domain.pddl, /home/isabel/clean_gr_benchmarks/blocks-world/p21.pddl, /home/isabel/clean_gr_benchmarks/blocks-world/domain.pddl, /home/isabel/clean_gr_benchmarks/blocks-world/p21.pddl, blocks,blocks_words,3,2,8,6,0,15,5,4,0,0,21,258,168,426,704,0,184,0,17,0,90,17,153,128,1201,17,5,216,904,0.0787037,4.18519,53.1765,0.294118,16,12.7059,3.49394,16,12.7059,3.49394,184,53.1765,32.7203,248,53.1765,51.7417,16,3.05882,4.97607,59,8.88235,15.8221,46,13.4118,20.7819,59,8.88235,15.8221,90,384,1064,0.360902,0.234375,1,40,5.89542,1.59788,32,4.48366,0.684806,77,12.1863,2.96749,96,12.1863,0.684806,1, /home/isabel/clean_gr_benchmarks/blocks-world/p21.pddl,81,128,3,6,2,-1,-0.012346,0.333105,0,0.6,0.489898,5.601562,1.070312,3,8,1,8,8,6,3,7,6,3,16,38,2375,8,4,4,2375,7,2,2375,8,2.82843,4,0,17,0,0,0,9,6,4
,,,,,,,,,,,,,,,,,,,,,,,,,,,,,,,,,,,,,,,,,,,,,,,,,,,,,,,,,,,,,,,,,,,,,,,,,,,,,,,,,,,,,,,,,,,,,,,,,,,,,,,,,,,,,,,,,,,,,,,,,,,,,,
,,,,,,,,,,,,,,,,,,,,,,,,,,,,,,,,,,,,,,,,,,,,,,,,,,,,,,,,,,,,,,,,,,,,,,,,,,,,,,,,,,,,,,,,,,,,,,,,,,,,,,,,,,,,,,,,,,,,,,,,,,,,,,
/home/isabel/clean_gr_benchmarks/blocks-world/domain.pddl, /home/isabel/clean_gr_benchmarks/blocks-world/p24.pddl, /home/isabel/clean_gr_benchmarks/blocks-world/domain.pddl, /home/isabel/clean_gr_benchmarks/blocks-world/p24.pddl, blocks,blocks_words,3,2,8,6,0,15,4,4,0,0,21,258,168,426,704,0,184,0,17,0,90,17,153,128,1200,17,4,216,904,0.0787037,4.18519,53.1765,0.235294,16,12.7059,3.49394,16,12.7059,3.49394,184,53.1765,32.7203,248,53.1765,51.7417,16,2.52941,4.79114,59,7.52941,15.5379,46,10.7059,19.3049,59,7.52941,15.5379,90,384,1064,0.360902,0.234375,1,40,5.89542,1.59788,32,4.27778,0.684806,75,12.1275,2.96749,96,11.7451,0.684806,1, /home/isabel/clean_gr_benchmarks/blocks-world/p24.pddl,81,128,3,4,1.333333,-1,0,0.272166,0,0.75,0.433013,2.875,0.796875,2,8,1,6,8,4,3,6,4,3,13,31,2.38462,6,3,4,2.38462,6,1.41421,2.38462,8,2.64575,5,0,17,0,0,0,9,4,31
,,,,,,,,,,,,,,,,,,,,,,,,,,,,,,,,,,,,,,,,,,,,,,,,,,,,,,,,,,,,,,,,,,,,,,,,,,,,,,,,,,,,,,,,,,,,,,,,,,,,,,,,,,,,,,,,,,,,,,,,,,,,,,
,,,,,,,,,,,,,,,,,,,,,,,,,,,,,,,,,,,,,,,,,,,,,,,,,,,,,,,,,,,,,,,,,,,,,,,,,,,,,,,,,,,,,,,,,,,,,,,,,,,,,,,,,,,,,,,,,,,,,,,,,,,,,,
,,,,,,,,,,,,,,,,,,,,,,,,,,,,,,,,,,,,,,,,,,,,,,,,,,,,,,,,,,,,,,,,,,,,,,,,,,,,,,,,,,,,,,,,,,,,,,,,,,,,,,,,,,,,,,,,,,,,,,,,,,,,,,
/home/isabel/clean_gr_benchmarks/blocks-world/domain.pddl, /home/isabel/clean_gr_benchmarks/blocks-world/p28.pddl, /home/isabel/clean_gr_benchmarks/blocks-world/domain.pddl, /home/isabel/clean_gr_benchmarks/blocks-world/p28.pddl, blocks,blocks_words,3,2,8,6,0,15,4,4,0,0,21,258,168,426,704,0,184,0,17,0,90,17,153,128,1200,17,4,216,904,0.0787037,4.18519,53.1765,0.235294,16,12.7059,3.49394,16,12.7059,3.49394,184,53.1765,32.7203,248,53.1765,51.7417,16,2.52941,4.79114,59,7.52941,15.5379,46,10.7059,19.3049,59,7.52941,15.5379,90,384,1064,0.360902,0.234375,1,40,5.89542,1.59788,32,4.27778,0.684806,75,12.1275,2.96749,96,11.7451,0.684806,1, /home/isabel/clean_gr_benchmarks/blocks-world/p28.pddl,81,128,2,4,2,-1,-0.024691,0.271043,0,0.5,0.5,1.679688,0.671875,2,4,1,4,4,4,2,4,4,2,11,16,1.45455,6,3,2,1.45455,4,1,1.45455,5,1.73205,5,0,17,0,0,0,9,4,1
/home/isabel/clean_gr_benchmarks/blocks-world/domain.pddl, /home/isabel/clean_gr_benchmarks/blocks-world/p29.pddl, /home/isabel/clean_gr_benchmarks/blocks-world/domain.pddl, /home/isabel/clean_gr_benchmarks/blocks-world/p29.pddl, blocks,blocks_words,3,2,8,6,0,15,4,4,0,0,21,258,168,426,704,0,184,0,17,0,90,17,153,128,1200,17,4,216,904,0.0787037,4.18519,53.1765,0.235294,16,12.7059,3.49394,16,12.7059,3.49394,184,53.1765,32.7203,248,53.1765,51.7417,16,2.52941,4.79114,59,7.52941,15.5379,46,10.7059,19.3049,59,7.52941,15.5379,90,384,1064,0.360902,0.234375,1,40,5.89542,1.59788,32,4.27778,0.684806,75,12.1275,2.96749,96,11.7451,0.684806,1, /home/isabel/clean_gr_benchmarks/blocks-world/p29.pddl,81,128,2,4,2,-1,-0.024691,0.271043,0,0.5,0.5,1.679688,0.671875,2,4,1,4,4,4,2,4,4,2,11,16,1.45455,6,3,2,1.45455,4,1,1.45455,5,1.73205,5,0,17,0,0,0,9,4,1
/home/isabel/clean_gr_benchmarks/blocks-world/domain.pddl, /home/isabel/clean_gr_benchmarks/blocks-world/p3.pddl, /home/isabel/clean_gr_benchmarks/blocks-world/domain.pddl, /home/isabel/clean_gr_benchmarks/blocks-world/p3.pddl, blocks,blocks_words,3,2,8,6,0,14,4,4,0,0,21,258,168,426,703,0,184,0,17,0,90,17,153,128,1200,17,4,216,904,0.0787037,4.18519,53.1765,0.235294,16,12.7059,3.49394,16,12.7059,3.49394,184,53.1765,32.7203,248,53.1765,51.7417,16,2.52941,4.79114,59,7.52941,15.5379,46,10.7059,19.3049,59,7.52941,15.5379,90,384,1064,0.360902,0.234375,1,40,5.89542,1.59788,32,4.27778,0.684806,75,12.1275,2.96749,96,11.7451,0.684806,1, /home/isabel/clean_gr_benchmarks/blocks-world/p3.pddl,81,128,3,6,2,-1,0,0.31427,0,0.75,0.433013,5.796875,0.984375,3,8,1,8,8,6,3,7,6,3,14,36,2.57143,7,3,4,2.57143,7,2,2.57143,8,2.64575,5,0,17,0,0,0,9,6,1
,,,,,,,,,,,,,,,,,,,,,,,,,,,,,,,,,,,,,,,,,,,,,,,,,,,,,,,,,,,,,,,,,,,,,,,,,,,,,,,,,,,,,,,,,,,,,,,,,,,,,,,,,,,,,,,,,,,,,,,,,,,,,,
,,,,,,,,,,,,,,,,,,,,,,,,,,,,,,,,,,,,,,,,,,,,,,,,,,,,,,,,,,,,,,,,,,,,,,,,,,,,,,,,,,,,,,,,,,,,,,,,,,,,,,,,,,,,,,,,,,,,,,,,,,,,,,
,,,,,,,,,,,,,,,,,,,,,,,,,,,,,,,,,,,,,,,,,,,,,,,,,,,,,,,,,,,,,,,,,,,,,,,,,,,,,,,,,,,,,,,,,,,,,,,,,,,,,,,,,,,,,,,,,,,,,,,,,,,,,,
/home/isabel/clean_gr_benchmarks/blocks-world/domain.pddl, /home/isabel/clean_gr_benchmarks/blocks-world/p33.pddl, /home/isabel/clean_gr_benchmarks/blocks-world/domain.pddl, /home/isabel/clean_gr_benchmarks/blocks-world/p33.pddl, blocks,blocks_words,3,2,8,6,0,15,6,4,0,0,21,258,168,426,704,0,184,0,17,0,90,17,153,128,1202,17,6,216,904,0.0787037,4.18519,53.1765,0.352941,16,12.7059,3.49394,16,12.7059,3.49394,184,53.1765,32.7203,248,53.1765,51.7417,16,3.58824,5.0997,59,10.2353,15.9872,46,16.1176,21.8279,59,10.2353,15.9872,90,384,1064,0.360902,0.234375,1,40,6.10131,1.59788,32,4.68954,0.684806,85,13.2157,2.96749,102,12.9804,0.684806,1, /home/isabel/clean_gr_benchmarks/blocks-world/p33.pddl,81,128,2,8,4,-1,-0.049383,0.381719,0,0.666667,0.471404,3.695312,1.34375,4,8,1,8,8,8,4,8,8,2,19,32,1.68421,10,5,4,1.68421,8,1.41421,1.68421,5,1.73205,3,0,17,0,0,0,9,8,1
/home/isabel/clean_gr_benchmarks/blocks-world/domain.pddl, /home/isabel/clean_gr_benchmarks/blocks-world/p34.pddl, /home/isabel/clean_gr_benchmarks/blocks-world/domain.pddl, /home/isabel/clean_gr_benchmarks/blocks-world/p34.pddl, blocks,blocks_words,3,2,8,6,0,15,5,4,0,0,21,258,168,426,704,0,184,0,17,0,90,17,153,128,1201,17,5,216,904,0.0787037,4.18519,53.1765,0.294118,16,12.7059,3.49394,16,12.7059,3.49394,184,53.1765,32.7203,248,53.1765,51.7417,16,3.05882,4.97607,59,8.88235,15.8221,46,13.4118,20.7819,59,8.88235,15.8221,90,384,1064,0.360902,0.234375,1,40,5.89542,1.59788,32,4.48366,0.684806,77,12.1863,2.96749,96,12.1863,0.684806,1, /home/isabel/clean_gr_benchmarks/blocks-world/p34.pddl,81,128,2,6,3,-1,-0.024691,0.350496,0,0.6,0.489898,3.023438,1.007812,3,6,1,6,6,6,3,6,6,2,15,24,1.6,8,4,3,1.6,6,1,1.6,5,1.73205,4,0,17,0,0,0,9,6,1
/home/isabel/clean_gr_benchmarks/blocks-world/domain.pddl, /home/isabel/clean_gr_benchmarks/blocks-world/p35.pddl, /home/isabel/clean_gr_benchmarks/blocks-world/domain.pddl, /home/isabel/clean_gr_benchmarks/blocks-world/p35.pddl, blocks,blocks_words,3,2,8,6,0,15,5,4,0,0,21,258,168,426,704,0,184,0,17,0,90,17,153,128,1201,17,5,216,904,0.0787037,4.18519,53.1765,0.294118,16,12.7059,3.49394,16,12.7059,3.49394,184,53.1765,32.7203,248,53.1765,51.7417,16,3.05882,4.97607,59,8.88235,15.8221,46,13.4118,20.7819,59,8.88235,15.8221,90,384,1064,0.360902,0.234375,1,40,5.89542,1.59788,32,4.48366,0.684806,77,12.1863,2.96749,96,12.1863,0.684806,1, /home/isabel/clean_gr_benchmarks/blocks-world/p35.pddl,81,128,2,6,3,-1,-0.037037,0.331269,0,0.6,0.489898,2.6875,1.007812,3,6,1,6,6,6,3,6,6,2,15,24,1.6,8,4,3,1.6,6,1,1.6,5,1.73205,4,0,17,0,0,0,9,6,1
/home/isabel/clean_gr_benchmarks/blocks-world/domain.pddl, /home/isabel/clean_gr_benchmarks/blocks-world/p36.pddl, /home/isabel/clean_gr_benchmarks/blocks-world/domain.pddl, /home/isabel/clean_gr_benchmarks/blocks-world/p36.pddl, blocks,blocks_words,3,2,8,6,0,15,5,4,0,0,21,258,168,426,704,0,184,0,17,0,90,17,153,128,1201,17,5,216,904,0.0787037,4.18519,53.1765,0.294118,16,12.7059,3.49394,16,12.7059,3.49394,184,53.1765,32.7203,248,53.1765,51.7417,16,3.05882,4.97607,59,8.88235,15.8221,46,13.4118,20.7819,59,8.88235,15.8221,90,384,1064,0.360902,0.234375,1,40,5.89542,1.59788,32,4.48366,0.684806,77,12.1863,2.96749,96,12.1863,0.684806,1, /home/isabel/clean_gr_benchmarks/blocks-world/p36.pddl,81,128,2,6,3,-1,-0.037037,0.331269,0,0.6,0.489898,2.6875,1.007812,3,6,1,6,6,6,3,6,6,2,15,24,1.6,8,4,3,1.6,6,1,1.6,5,1.73205,4,0,17,0,0,0,9,6,1
/home/isabel/clean_gr_benchmarks/blocks-world/domain.pddl, /home/isabel/clean_gr_benchmarks/blocks-world/p37.pddl, /home/isabel/clean_gr_benchmarks/blocks-world/domain.pddl, /home/isabel/clean_gr_benchmarks/blocks-world/p37.pddl, blocks,blocks_words,3,2,8,6,0,15,5,4,0,0,21,258,168,426,704,0,184,0,17,0,90,17,153,128,1201,17,5,216,904,0.0787037,4.18519,53.1765,0.294118,16,12.7059,3.49394,16,12.7059,3.49394,184,53.1765,32.7203,248,53.1765,51.7417,16,3.05882,4.97607,59,8.88235,15.8221,46,13.4118,20.7819,59,8.88235,15.8221,90,384,1064,0.360902,0.234375,1,40,5.89542,1.59788,32,4.48366,0.684806,77,12.1863,2.96749,96,12.1863,0.684806,1, /home/isabel/clean_gr_benchmarks/blocks-world/p37.pddl,81,128,2,6,3,-1,-0.024691,0.350496,0,0.6,0.489898,3.023438,1.007812,3,6,1,6,6,6,3,6,6,2,15,24,1.6,8,4,3,1.6,6,1,1.6,5,1.73205,4,0,17,0,0,0,9,6,1
/home/isabel/clean_gr_benchmarks/blocks-world/domain.pddl, /home/isabel/clean_gr_benchmarks/blocks-world/p38.pddl, /home/isabel/clean_gr_benchmarks/blocks-world/domain.pddl, /home/isabel/clean_gr_benchmarks/blocks-world/p38.pddl, blocks,blocks_words,3,2,8,6,0,15,5,4,0,0,21,258,168,426,704,0,184,0,17,0,90,17,153,128,1201,17,5,216,904,0.0787037,4.18519,53.1765,0.294118,16,12.7059,3.49394,16,12.7059,3.49394,184,53.1765,32.7203,248,53.1765,51.7417,16,3.05882,4.97607,59,8.88235,15.8221,46,13.4118,20.7819,59,8.88235,15.8221,90,384,1064,0.360902,0.234375,1,40,5.89542,1.59788,32,4.48366,0.684806,77,12.1863,2.96749,96,12.1863,0.684806,1, /home/isabel/clean_gr_benchmarks/blocks-world/p38.pddl,81,128,4,7,1.75,-1,-0.037037,0.398901,0,0.8,0.4,6.523438,0.5,4,12,1,10,12,7,4,8,7,4,19,44,2.31579,10,4,5,2.31579,8,1.73205,2.31579,9,2.82843,4,0,17,0,0,0,9,7,4
/home/isabel/clean_gr_benchmarks/blocks-world/domain.pddl, /home/isabel/clean_gr_benchmarks/blocks-world/p39.pddl, /home/isabel/clean_gr_benchmarks/blocks-world/domain.pddl, /home/isabel/clean_gr_benchmarks/blocks-world/p39.pddl, blocks,blocks_words,3,2,8,6,0,15,5,4,0,0,21,258,168,426,704,0,184,0,17,0,90,17,153,128,1201,17,5,216,904,0.0787037,4.18519,53.1765,0.294118,16,12.7059,3.49394,16,12.7059,3.49394,184,53.1765,32.7203,248,53.1765,51.7417,16,3.05882,4.97607,59,8.88235,15.8221,46,13.4118,20.7819,59,8.88235,15.8221,90,384,1064,0.360902,0.234375,1,40,5.89542,1.59788,32,4.48366,0.684806,77,12.1863,2.96749,96,12.1863,0.684806,1, /home/isabel/clean_gr_benchmarks/blocks-world/p39.pddl,81,128,3,5,1.666667,-1,-0.024691,0.384107,-1,0,0.894427,4.867188,1.007812,8,5,1,5,5,5,2,5,5,3,14,24,1.71429,8,3,3,1.71429,5,1,1.71429,7,2.23607,4,0,17,0,0,0,9,5,4
,,,,,,,,,,,,,,,,,,,,,,,,,,,,,,,,,,,,,,,,,,,,,,,,,,,,,,,,,,,,,,,,,,,,,,,,,,,,,,,,,,,,,,,,,,,,,,,,,,,,,,,,,,,,,,,,,,,,,,,,,,,,,,
/home/isabel/clean_gr_benchmarks/blocks-world/domain.pddl, /home/isabel/clean_gr_benchmarks/blocks-world/p40.pddl, /home/isabel/clean_gr_benchmarks/blocks-world/domain.pddl, /home/isabel/clean_gr_benchmarks/blocks-world/p40.pddl, blocks,blocks_words,3,2,8,6,0,15,5,4,0,0,21,258,168,426,704,0,184,0,17,0,90,17,153,128,1201,17,5,216,904,0.0787037,4.18519,53.1765,0.294118,16,12.7059,3.49394,16,12.7059,3.49394,184,53.1765,32.7203,248,53.1765,51.7417,16,3.05882,4.97607,59,8.88235,15.8221,46,13.4118,20.7819,59,8.88235,15.8221,90,384,1064,0.360902,0.234375,1,40,5.89542,1.59788,32,4.48366,0.684806,77,12.1863,2.96749,96,12.1863,0.684806,1, /home/isabel/clean_gr_benchmarks/blocks-world/p40.pddl,81,128,2,6,3,-1,-0.037037,0.331269,0,0.6,0.489898,2.6875,1.007812,3,6,1,6,6,6,3,6,6,2,15,24,1.6,8,4,3,1.6,6,1,1.6,5,1.73205,4,0,17,0,0,0,9,6,1
,,,,,,,,,,,,,,,,,,,,,,,,,,,,,,,,,,,,,,,,,,,,,,,,,,,,,,,,,,,,,,,,,,,,,,,,,,,,,,,,,,,,,,,,,,,,,,,,,,,,,,,,,,,,,,,,,,,,,,,,,,,,,,
,,,,,,,,,,,,,,,,,,,,,,,,,,,,,,,,,,,,,,,,,,,,,,,,,,,,,,,,,,,,,,,,,,,,,,,,,,,,,,,,,,,,,,,,,,,,,,,,,,,,,,,,,,,,,,,,,,,,,,,,,,,,,,
/home/isabel/clean_gr_benchmarks/blocks-world/domain.pddl, /home/isabel/clean_gr_benchmarks/blocks-world/p43.pddl, /home/isabel/clean_gr_benchmarks/blocks-world/domain.pddl, /home/isabel/clean_gr_benchmarks/blocks-world/p43.pddl, blocks,blocks_words,3,2,8,6,0,14,4,4,0,0,21,258,168,426,703,0,184,0,17,0,90,17,153,128,1200,17,4,216,904,0.0787037,4.18519,53.1765,0.235294,16,12.7059,3.49394,16,12.7059,3.49394,184,53.1765,32.7203,248,53.1765,51.7417,16,2.52941,4.79114,59,7.52941,15.5379,46,10.7059,19.3049,59,7.52941,15.5379,90,384,1064,0.360902,0.234375,1,40,5.89542,1.59788,32,4.27778,0.684806,75,12.1275,2.96749,96,11.7451,0.684806,1, /home/isabel/clean_gr_benchmarks/blocks-world/p43.pddl,81,128,2,6,3,-1,-0.012346,0.333105,0,0.75,0.433013,3.023438,1.007812,3,6,1,4,6,6,3,6,6,2,13,23,1.76923,7,3,3,1.76923,6,1.41421,1.76923,5,1.73205,5,0,17,0,0,0,9,6,1
/home/isabel/clean_gr_benchmarks/blocks-world/domain.pddl, /home/isabel/clean_gr_benchmarks/blocks-world/p44.pddl, /home/isabel/clean_gr_benchmarks/blocks-world/domain.pddl, /home/isabel/clean_gr_benchmarks/blocks-world/p44.pddl, blocks,blocks_words,3,2,8,6,0,14,5,4,0,0,21,258,168,426,703,0,184,0,17,0,90,17,153,128,1201,17,5,216,904,0.0787037,4.18519,53.1765,0.294118,16,12.7059,3.49394,16,12.7059,3.49394,184,53.1765,32.7203,248,53.1765,51.7417,16,3.05882,4.97607,59,8.88235,15.8221,46,13.4118,20.7819,59,8.88235,15.8221,90,384,1064,0.360902,0.234375,1,40,5.89542,1.59788,32,4.48366,0.684806,77,12.1863,2.96749,96,12.1863,0.684806,1, /home/isabel/clean_gr_benchmarks/blocks-world/p44.pddl,81,128,3,5,1.666667,-1,-0.024691,0.384107,-1,0,0.894427,5.242188,1.007812,8,5,1,3,7,5,2,5,5,3,14,24,1.71429,8,3,3,1.71429,5,1,1.71429,7,2.23607,4,0,17,0,0,0,9,5,4
/home/isabel/clean_gr_benchmarks/blocks-world/domain.pddl, /home/isabel/clean_gr_benchmarks/blocks-world/p45.pddl, /home/isabel/clean_gr_benchmarks/blocks-world/domain.pddl, /home/isabel/clean_gr_benchmarks/blocks-world/p45.pddl, blocks,blocks_words,3,2,8,6,0,14,5,4,0,0,21,258,168,426,703,0,184,0,17,0,90,17,153,128,1201,17,5,216,904,0.0787037,4.18519,53.1765,0.294118,16,12.7059,3.49394,16,12.7059,3.49394,184,53.1765,32.7203,248,53.1765,51.7417,16,3.05882,4.97607,59,8.88235,15.8221,46,13.4118,20.7819,59,8.88235,15.8221,90,384,1064,0.360902,0.234375,1,40,5.89542,1.59788,32,4.48366,0.684806,77,12.1863,2.96749,96,12.1863,0.684806,1, /home/isabel/clean_gr_benchmarks/blocks-world/p45.pddl,81,128,3,6,2,-1,-0.012346,0.333105,0,0.6,0.489898,6.960938,1.132812,3,8,1,7,10,6,3,7,6,3,16,37,2.3125,8,4,4,2.3125,7,2,2.3125,8,2.64575,4,0,17,0,0,0,9,6,1
/home/isabel/clean_gr_benchmarks/blocks-world/domain.pddl, /home/isabel/clean_gr_benchmarks/blocks-world/p46.pddl, /home/isabel/clean_gr_benchmarks/blocks-world/domain.pddl, /home/isabel/clean_gr_benchmarks/blocks-world/p46.pddl, blocks,blocks_words,3,2,8,6,0,14,5,4,0,0,21,258,168,426,703,0,184,0,17,0,90,17,153,128,1201,17,5,216,904,0.0787037,4.18519,53.1765,0.294118,16,12.7059,3.49394,16,12.7059,3.49394,184,53.1765,32.7203,248,53.1765,51.7417,16,3.05882,4.97607,59,8.88235,15.8221,46,13.4118,20.7819,59,8.88235,15.8221,90,384,1064,0.360902,0.234375,1,40,5.89542,1.59788,32,4.48366,0.684806,77,12.1863,2.96749,96,12.1863,0.684806,1, /home/isabel/clean_gr_benchmarks/blocks-world/p46.pddl,81,128,2,7,3.5,-1,-0.037037,0.398901,0,0.6,0.489898,4.367188,1.34375,4,7,1,5,7,7,3,7,7,2,18,30,1.66667,10,4,4,1.66667,7,1.41421,1.66667,7,2,4,0,17,0,0,0,9,7,2
/home/isabel/clean_gr_benchmarks/blocks-world/domain.pddl, /home/isabel/clean_gr_benchmarks/blocks-world/p47.pddl, /home/isabel/clean_gr_benchmarks/blocks-world/domain.pddl, /home/isabel/clean_gr_benchmarks/blocks-world/p47.pddl, blocks,blocks_words,3,2,8,6,0,14,5,4,0,0,21,258,168,426,703,0,184,0,17,0,90,17,153,128,1201,17,5,216,904,0.0787037,4.18519,53.1765,0.294118,16,12.7059,3.49394,16,12.7059,3.49394,184,53.1765,32.7203,248,53.1765,51.7417,16,3.05882,4.97607,59,8.88235,15.8221,46,13.4118,20.7819,59,8.88235,15.8221,90,384,1064,0.360902,0.234375,1,40,5.89542,1.59788,32,4.48366,0.684806,77,12.1863,2.96749,96,12.1863,0.684806,1, /home/isabel/clean_gr_benchmarks/blocks-world/p47.pddl,81,128,3,7,2.333333,-1,-0.024691,0.415006,0,0.6,0.489898,7.84375,1.46875,6,8,1,6,10,7,3,7,7,3,18,34,1.88889,10,4,4,1.88889,7,1.41421,1.88889,7,2.44949,4,0,17,0,0,0,9,7,3
,,,,,,,,,,,,,,,,,,,,,,,,,,,,,,,,,,,,,,,,,,,,,,,,,,,,,,,,,,,,,,,,,,,,,,,,,,,,,,,,,,,,,,,,,,,,,,,,,,,,,,,,,,,,,,,,,,,,,,,,,,,,,,
/home/isabel/clean_gr_benchmarks/blocks-world/domain.pddl, /home/isabel/clean_gr_benchmarks/blocks-world/p49.pddl, /home/isabel/clean_gr_benchmarks/blocks-world/domain.pddl, /home/isabel/clean_gr_benchmarks/blocks-world/p49.pddl, blocks,blocks_words,3,2,8,6,0,14,4,4,0,0,21,258,168,426,703,0,184,0,17,0,90,17,153,128,1200,17,4,216,904,0.0787037,4.18519,53.1765,0.235294,16,12.7059,3.49394,16,12.7059,3.49394,184,53.1765,32.7203,248,53.1765,51.7417,16,2.52941,4.79114,59,7.52941,15.5379,46,10.7059,19.3049,59,7.52941,15.5379,90,384,1064,0.360902,0.234375,1,40,5.89542,1.59788,32,4.27778,0.684806,75,12.1275,2.96749,96,11.7451,0.684806,1, /home/isabel/clean_gr_benchmarks/blocks-world/p49.pddl,81,128,3,4,1.333333,-2,-0.037037,0.398901,-1,-0.25,0.829156,3.398438,1.929688,13,4,1,4,6,4,1,4,4,3,13,22,1.69231,8,2,3,1.69231,4,0,1.69231,9,2.64575,5,0,17,0,0,0,9,4,17
/home/isabel/clean_gr_benchmarks/blocks-world/domain.pddl, /home/isabel/clean_gr_benchmarks/blocks-world/p5.pddl, /home/isabel/clean_gr_benchmarks/blocks-world/domain.pddl, /home/isabel/clean_gr_benchmarks/blocks-world/p5.pddl, blocks,blocks_words,3,2,8,6,0,14,4,4,0,0,21,258,168,426,703,0,184,0,17,0,90,17,153,128,1200,17,4,216,904,0.0787037,4.18519,53.1765,0.235294,16,12.7059,3.49394,16,12.7059,3.49394,184,53.1765,32.7203,248,53.1765,51.7417,16,2.52941,4.79114,59,7.52941,15.5379,46,10.7059,19.3049,59,7.52941,15.5379,90,384,1064,0.360902,0.234375,1,40,5.89542,1.59788,32,4.27778,0.684806,75,12.1275,2.96749,96,11.7451,0.684806,1, /home/isabel/clean_gr_benchmarks/blocks-world/p5.pddl,81,128,2,4,2,-1,-0.012346,0.293713,0,0.5,0.5,1.734375,0.578125,2,4,1,4,4,4,2,4,4,2,11,16,1.45455,6,3,2,1.45455,4,1,1.45455,5,1.73205,5,0,17,0,0,0,9,4,1
/home/isabel/clean_gr_benchmarks/blocks-world/domain.pddl, /home/isabel/clean_gr_benchmarks/blocks-world/p50.pddl, /home/isabel/clean_gr_benchmarks/blocks-world/domain.pddl, /home/isabel/clean_gr_benchmarks/blocks-world/p50.pddl, blocks,blocks_words,3,2,8,6,0,14,4,4,0,0,21,258,168,426,703,0,184,0,17,0,90,17,153,128,1200,17,4,216,904,0.0787037,4.18519,53.1765,0.235294,16,12.7059,3.49394,16,12.7059,3.49394,184,53.1765,32.7203,248,53.1765,51.7417,16,2.52941,4.79114,59,7.52941,15.5379,46,10.7059,19.3049,59,7.52941,15.5379,90,384,1064,0.360902,0.234375,1,40,5.89542,1.59788,32,4.27778,0.684806,75,12.1275,2.96749,96,11.7451,0.684806,1, /home/isabel/clean_gr_benchmarks/blocks-world/p50.pddl,81,128,3,4,1.333333,-2,-0.037037,0.398901,-1,-0.25,0.829156,3.398438,1.929688,13,4,1,4,6,4,1,4,4,3,13,22,1.69231,8,2,3,1.69231,4,0,1.69231,9,2.64575,5,0,17,0,0,0,9,4,17
,,,,,,,,,,,,,,,,,,,,,,,,,,,,,,,,,,,,,,,,,,,,,,,,,,,,,,,,,,,,,,,,,,,,,,,,,,,,,,,,,,,,,,,,,,,,,,,,,,,,,,,,,,,,,,,,,,,,,,,,,,,,,,
/home/isabel/clean_gr_benchmarks/blocks-world/domain.pddl, /home/isabel/clean_gr_benchmarks/blocks-world/p52.pddl, /home/isabel/clean_gr_benchmarks/blocks-world/domain.pddl, /home/isabel/clean_gr_benchmarks/blocks-world/p52.pddl, blocks,blocks_words,3,2,8,6,0,14,5,4,0,0,21,258,168,426,703,0,184,0,17,0,90,17,153,128,1201,17,5,216,904,0.0787037,4.18519,53.1765,0.294118,16,12.7059,3.49394,16,12.7059,3.49394,184,53.1765,32.7203,248,53.1765,51.7417,16,3.05882,4.97607,59,8.88235,15.8221,46,13.4118,20.7819,59,8.88235,15.8221,90,384,1064,0.360902,0.234375,1,40,5.89542,1.59788,32,4.48366,0.684806,77,12.1863,2.96749,96,12.1863,0.684806,1, /home/isabel/clean_gr_benchmarks/blocks-world/p52.pddl,81,128,3,7,2.333333,-1,-0.024691,0.415006,0,0.6,0.489898,7.84375,1.46875,6,8,1,6,10,7,3,7,7,3,18,34,1.88889,10,4,4,1.88889,7,1.41421,1.88889,7,2.44949,4,0,17,0,0,0,9,7,3
/home/isabel/clean_gr_benchmarks/blocks-world/domain.pddl, /home/isabel/clean_gr_benchmarks/blocks-world/p53.pddl, /home/isabel/clean_gr_benchmarks/blocks-world/domain.pddl, /home/isabel/clean_gr_benchmarks/blocks-world/p53.pddl, blocks,blocks_words,3,2,8,6,0,14,4,4,0,0,21,258,168,426,703,0,184,0,17,0,90,17,153,128,1200,17,4,216,904,0.0787037,4.18519,53.1765,0.235294,16,12.7059,3.49394,16,12.7059,3.49394,184,53.1765,32.7203,248,53.1765,51.7417,16,2.52941,4.79114,59,7.52941,15.5379,46,10.7059,19.3049,59,7.52941,15.5379,90,384,1064,0.360902,0.234375,1,40,5.89542,1.59788,32,4.27778,0.684806,75,12.1275,2.96749,96,11.7451,0.684806,1, /home/isabel/clean_gr_benchmarks/blocks-world/p53.pddl,81,128,3,5,1.666667,-1,-0.024691,0.313298,0,0.5,0.5,4.65625,1.132812,4,7,1,5,9,5,2,6,5,3,15,34,2.26667,8,3,4,2.26667,6,1.41421,2.26667,10,3,5,0,17,0,0,0,9,5,17
,,,,,,,,,,,,,,,,,,,,,,,,,,,,,,,,,,,,,,,,,,,,,,,,,,,,,,,,,,,,,,,,,,,,,,,,,,,,,,,,,,,,,,,,,,,,,,,,,,,,,,,,,,,,,,,,,,,,,,,,,,,,,,
/home/isabel/clean_gr_benchmarks/blocks-world/domain.pddl, /home/isabel/clean_gr_benchmarks/blocks-world/p55.pddl, /home/isabel/clean_gr_benchmarks/blocks-world/domain.pddl, /home/isabel/clean_gr_benchmarks/blocks-world/p55.pddl, blocks,blocks_words,3,2,8,6,0,14,4,4,0,0,21,258,168,426,703,0,184,0,17,0,90,17,153,128,1200,17,4,216,904,0.0787037,4.18519,53.1765,0.235294,16,12.7059,3.49394,16,12.7059,3.49394,184,53.1765,32.7203,248,53.1765,51.7417,16,2.52941,4.79114,59,7.52941,15.5379,46,10.7059,19.3049,59,7.52941,15.5379,90,384,1064,0.360902,0.234375,1,40,5.89542,1.59788,32,4.27778,0.684806,75,12.1275,2.96749,96,11.7451,0.684806,1, /home/isabel/clean_gr_benchmarks/blocks-world/p55.pddl,81,128,3,6,2,-2,-0.037037,0.428735,0,0.5,0.5,6,1.46875,8,7,1,5,9,6,2,6,6,3,17,32,1.88235,10,3,4,1.88235,6,1.41421,1.88235,9,2.64575,5,0,17,0,0,0,9,6,14
/home/isabel/clean_gr_benchmarks/blocks-world/domain.pddl, /home/isabel/clean_gr_benchmarks/blocks-world/p56.pddl, /home/isabel/clean_gr_benchmarks/blocks-world/domain.pddl, /home/isabel/clean_gr_benchmarks/blocks-world/p56.pddl, blocks,blocks_words,3,2,8,6,0,14,5,4,0,0,21,258,168,426,703,0,184,0,17,0,90,17,153,128,1201,17,5,216,904,0.0787037,4.18519,53.1765,0.294118,16,12.7059,3.49394,16,12.7059,3.49394,184,53.1765,32.7203,248,53.1765,51.7417,16,3.05882,4.97607,59,8.88235,15.8221,46,13.4118,20.7819,59,8.88235,15.8221,90,384,1064,0.360902,0.234375,1,40,5.89542,1.59788,32,4.48366,0.684806,77,12.1863,2.96749,96,12.1863,0.684806,1, /home/isabel/clean_gr_benchmarks/blocks-world/p56.pddl,81,128,3,6,2,-1,-0.024691,0.313298,0,0.6,0.489898,6.625,1.132812,3,8,1,6,10,6,3,7,6,3,16,37,2.3125,8,4,4,2.3125,7,2,2.3125,8,2.64575,4,0,17,0,0,0,9,6,1
/home/isabel/clean_gr_benchmarks/blocks-world/domain.pddl, /home/isabel/clean_gr_benchmarks/blocks-world/p57.pddl, /home/isabel/clean_gr_benchmarks/blocks-world/domain.pddl, /home/isabel/clean_gr_benchmarks/blocks-world/p57.pddl, blocks,blocks_words,3,2,8,6,0,14,5,4,0,0,21,258,168,426,703,0,184,0,17,0,90,17,153,128,1201,17,5,216,904,0.0787037,4.18519,53.1765,0.294118,16,12.7059,3.49394,16,12.7059,3.49394,184,53.1765,32.7203,248,53.1765,51.7417,16,3.05882,4.97607,59,8.88235,15.8221,46,13.4118,20.7819,59,8.88235,15.8221,90,384,1064,0.360902,0.234375,1,40,5.89542,1.59788,32,4.48366,0.684806,77,12.1863,2.96749,96,12.1863,0.684806,1, /home/isabel/clean_gr_benchmarks/blocks-world/p57.pddl,81,128,3,6,2,-1,-0.024691,0.313298,0,0.6,0.489898,6.625,1.132812,3,8,1,5,10,6,3,7,6,3,16,37,2.3125,8,4,4,2.3125,7,2,2.3125,8,2.64575,4,0,17,0,0,0,9,6,1
/home/isabel/clean_gr_benchmarks/blocks-world/domain.pddl, /home/isabel/clean_gr_benchmarks/blocks-world/p58.pddl, /home/isabel/clean_gr_benchmarks/blocks-world/domain.pddl, /home/isabel/clean_gr_benchmarks/blocks-world/p58.pddl, blocks,blocks_words,3,2,8,6,0,14,4,4,0,0,21,258,168,426,703,0,184,0,17,0,90,17,153,128,1200,17,4,216,904,0.0787037,4.18519,53.1765,0.235294,16,12.7059,3.49394,16,12.7059,3.49394,184,53.1765,32.7203,248,53.1765,51.7417,16,2.52941,4.79114,59,7.52941,15.5379,46,10.7059,19.3049,59,7.52941,15.5379,90,384,1064,0.360902,0.234375,1,40,5.89542,1.59788,32,4.27778,0.684806,75,12.1275,2.96749,96,11.7451,0.684806,1, /home/isabel/clean_gr_benchmarks/blocks-world/p58.pddl,81,128,3,5,1.666667,-1,-0.012346,0.368307,-1,0,1,4.78125,1.007812,8,5,1,2,7,5,2,5,5,3,12,23,1.91667,7,2,3,1.91667,5,1,1.91667,7,2.23607,5,0,17,0,0,0,9,5,5
,,,,,,,,,,,,,,,,,,,,,,,,,,,,,,,,,,,,,,,,,,,,,,,,,,,,,,,,,,,,,,,,,,,,,,,,,,,,,,,,,,,,,,,,,,,,,,,,,,,,,,,,,,,,,,,,,,,,,,,,,,,,,,
,,,,,,,,,,,,,,,,,,,,,,,,,,,,,,,,,,,,,,,,,,,,,,,,,,,,,,,,,,,,,,,,,,,,,,,,,,,,,,,,,,,,,,,,,,,,,,,,,,,,,,,,,,,,,,,,,,,,,,,,,,,,,,
,,,,,,,,,,,,,,,,,,,,,,,,,,,,,,,,,,,,,,,,,,,,,,,,,,,,,,,,,,,,,,,,,,,,,,,,,,,,,,,,,,,,,,,,,,,,,,,,,,,,,,,,,,,,,,,,,,,,,,,,,,,,,,
,,,,,,,,,,,,,,,,,,,,,,,,,,,,,,,,,,,,,,,,,,,,,,,,,,,,,,,,,,,,,,,,,,,,,,,,,,,,,,,,,,,,,,,,,,,,,,,,,,,,,,,,,,,,,,,,,,,,,,,,,,,,,,
,,,,,,,,,,,,,,,,,,,,,,,,,,,,,,,,,,,,,,,,,,,,,,,,,,,,,,,,,,,,,,,,,,,,,,,,,,,,,,,,,,,,,,,,,,,,,,,,,,,,,,,,,,,,,,,,,,,,,,,,,,,,,,
,,,,,,,,,,,,,,,,,,,,,,,,,,,,,,,,,,,,,,,,,,,,,,,,,,,,,,,,,,,,,,,,,,,,,,,,,,,,,,,,,,,,,,,,,,,,,,,,,,,,,,,,,,,,,,,,,,,,,,,,,,,,,,
,,,,,,,,,,,,,,,,,,,,,,,,,,,,,,,,,,,,,,,,,,,,,,,,,,,,,,,,,,,,,,,,,,,,,,,,,,,,,,,,,,,,,,,,,,,,,,,,,,,,,,,,,,,,,,,,,,,,,,,,,,,,,,
,,,,,,,,,,,,,,,,,,,,,,,,,,,,,,,,,,,,,,,,,,,,,,,,,,,,,,,,,,,,,,,,,,,,,,,,,,,,,,,,,,,,,,,,,,,,,,,,,,,,,,,,,,,,,,,,,,,,,,,,,,,,,,
,,,,,,,,,,,,,,,,,,,,,,,,,,,,,,,,,,,,,,,,,,,,,,,,,,,,,,,,,,,,,,,,,,,,,,,,,,,,,,,,,,,,,,,,,,,,,,,,,,,,,,,,,,,,,,,,,,,,,,,,,,,,,,
,,,,,,,,,,,,,,,,,,,,,,,,,,,,,,,,,,,,,,,,,,,,,,,,,,,,,,,,,,,,,,,,,,,,,,,,,,,,,,,,,,,,,,,,,,,,,,,,,,,,,,,,,,,,,,,,,,,,,,,,,,,,,,
,,,,,,,,,,,,,,,,,,,,,,,,,,,,,,,,,,,,,,,,,,,,,,,,,,,,,,,,,,,,,,,,,,,,,,,,,,,,,,,,,,,,,,,,,,,,,,,,,,,,,,,,,,,,,,,,,,,,,,,,,,,,,,
,,,,,,,,,,,,,,,,,,,,,,,,,,,,,,,,,,,,,,,,,,,,,,,,,,,,,,,,,,,,,,,,,,,,,,,,,,,,,,,,,,,,,,,,,,,,,,,,,,,,,,,,,,,,,,,,,,,,,,,,,,,,,,
/home/isabel/clean_gr_benchmarks/blocks-world/domain.pddl, /home/isabel/clean_gr_benchmarks/blocks-world/p7.pddl, /home/isabel/clean_gr_benchmarks/blocks-world/domain.pddl, /home/isabel/clean_gr_benchmarks/blocks-world/p7.pddl, blocks,blocks_words,3,2,8,6,0,14,4,4,0,0,21,258,168,426,703,0,184,0,17,0,90,17,153,128,1200,17,4,216,904,0.0787037,4.18519,53.1765,0.235294,16,12.7059,3.49394,16,12.7059,3.49394,184,53.1765,32.7203,248,53.1765,51.7417,16,2.52941,4.79114,59,7.52941,15.5379,46,10.7059,19.3049,59,7.52941,15.5379,90,384,1064,0.360902,0.234375,1,40,5.89542,1.59788,32,4.27778,0.684806,75,12.1275,2.96749,96,11.7451,0.684806,1, /home/isabel/clean_gr_benchmarks/blocks-world/p7.pddl,81,128,3,7,2.333333,-1,-0.012346,0.400427,0,0.75,0.433013,6.546875,1.273438,6,8,1,8,8,7,3,7,7,3,16,33,2.0625,9,3,4,2.0625,7,1.41421,2.0625,7,2.44949,5,0,17,0,0,0,9,7,4
,,,,,,,,,,,,,,,,,,,,,,,,,,,,,,,,,,,,,,,,,,,,,,,,,,,,,,,,,,,,,,,,,,,,,,,,,,,,,,,,,,,,,,,,,,,,,,,,,,,,,,,,,,,,,,,,,,,,,,,,,,,,,,
,,,,,,,,,,,,,,,,,,,,,,,,,,,,,,,,,,,,,,,,,,,,,,,,,,,,,,,,,,,,,,,,,,,,,,,,,,,,,,,,,,,,,,,,,,,,,,,,,,,,,,,,,,,,,,,,,,,,,,,,,,,,,,
,,,,,,,,,,,,,,,,,,,,,,,,,,,,,,,,,,,,,,,,,,,,,,,,,,,,,,,,,,,,,,,,,,,,,,,,,,,,,,,,,,,,,,,,,,,,,,,,,,,,,,,,,,,,,,,,,,,,,,,,,,,,,,
,,,,,,,,,,,,,,,,,,,,,,,,,,,,,,,,,,,,,,,,,,,,,,,,,,,,,,,,,,,,,,,,,,,,,,,,,,,,,,,,,,,,,,,,,,,,,,,,,,,,,,,,,,,,,,,,,,,,,,,,,,,,,,
,,,,,,,,,,,,,,,,,,,,,,,,,,,,,,,,,,,,,,,,,,,,,,,,,,,,,,,,,,,,,,,,,,,,,,,,,,,,,,,,,,,,,,,,,,,,,,,,,,,,,,,,,,,,,,,,,,,,,,,,,,,,,,
,,,,,,,,,,,,,,,,,,,,,,,,,,,,,,,,,,,,,,,,,,,,,,,,,,,,,,,,,,,,,,,,,,,,,,,,,,,,,,,,,,,,,,,,,,,,,,,,,,,,,,,,,,,,,,,,,,,,,,,,,,,,,,
,,,,,,,,,,,,,,,,,,,,,,,,,,,,,,,,,,,,,,,,,,,,,,,,,,,,,,,,,,,,,,,,,,,,,,,,,,,,,,,,,,,,,,,,,,,,,,,,,,,,,,,,,,,,,,,,,,,,,,,,,,,,,,
,,,,,,,,,,,,,,,,,,,,,,,,,,,,,,,,,,,,,,,,,,,,,,,,,,,,,,,,,,,,,,,,,,,,,,,,,,,,,,,,,,,,,,,,,,,,,,,,,,,,,,,,,,,,,,,,,,,,,,,,,,,,,,
,,,,,,,,,,,,,,,,,,,,,,,,,,,,,,,,,,,,,,,,,,,,,,,,,,,,,,,,,,,,,,,,,,,,,,,,,,,,,,,,,,,,,,,,,,,,,,,,,,,,,,,,,,,,,,,,,,,,,,,,,,,,,,
,,,,,,,,,,,,,,,,,,,,,,,,,,,,,,,,,,,,,,,,,,,,,,,,,,,,,,,,,,,,,,,,,,,,,,,,,,,,,,,,,,,,,,,,,,,,,,,,,,,,,,,,,,,,,,,,,,,,,,,,,,,,,,
,,,,,,,,,,,,,,,,,,,,,,,,,,,,,,,,,,,,,,,,,,,,,,,,,,,,,,,,,,,,,,,,,,,,,,,,,,,,,,,,,,,,,,,,,,,,,,,,,,,,,,,,,,,,,,,,,,,,,,,,,,,,,,
,,,,,,,,,,,,,,,,,,,,,,,,,,,,,,,,,,,,,,,,,,,,,,,,,,,,,,,,,,,,,,,,,,,,,,,,,,,,,,,,,,,,,,,,,,,,,,,,,,,,,,,,,,,,,,,,,,,,,,,,,,,,,,
,,,,,,,,,,,,,,,,,,,,,,,,,,,,,,,,,,,,,,,,,,,,,,,,,,,,,,,,,,,,,,,,,,,,,,,,,,,,,,,,,,,,,,,,,,,,,,,,,,,,,,,,,,,,,,,,,,,,,,,,,,,,,,
,,,,,,,,,,,,,,,,,,,,,,,,,,,,,,,,,,,,,,,,,,,,,,,,,,,,,,,,,,,,,,,,,,,,,,,,,,,,,,,,,,,,,,,,,,,,,,,,,,,,,,,,,,,,,,,,,,,,,,,,,,,,,,
,,,,,,,,,,,,,,,,,,,,,,,,,,,,,,,,,,,,,,,,,,,,,,,,,,,,,,,,,,,,,,,,,,,,,,,,,,,,,,,,,,,,,,,,,,,,,,,,,,,,,,,,,,,,,,,,,,,,,,,,,,,,,,
,,,,,,,,,,,,,,,,,,,,,,,,,,,,,,,,,,,,,,,,,,,,,,,,,,,,,,,,,,,,,,,,,,,,,,,,,,,,,,,,,,,,,,,,,,,,,,,,,,,,,,,,,,,,,,,,,,,,,,,,,,,,,,
,,,,,,,,,,,,,,,,,,,,,,,,,,,,,,,,,,,,,,,,,,,,,,,,,,,,,,,,,,,,,,,,,,,,,,,,,,,,,,,,,,,,,,,,,,,,,,,,,,,,,,,,,,,,,,,,,,,,,,,,,,,,,,
,,,,,,,,,,,,,,,,,,,,,,,,,,,,,,,,,,,,,,,,,,,,,,,,,,,,,,,,,,,,,,,,,,,,,,,,,,,,,,,,,,,,,,,,,,,,,,,,,,,,,,,,,,,,,,,,,,,,,,,,,,,,,,
,,,,,,,,,,,,,,,,,,,,,,,,,,,,,,,,,,,,,,,,,,,,,,,,,,,,,,,,,,,,,,,,,,,,,,,,,,,,,,,,,,,,,,,,,,,,,,,,,,,,,,,,,,,,,,,,,,,,,,,,,,,,,,
,,,,,,,,,,,,,,,,,,,,,,,,,,,,,,,,,,,,,,,,,,,,,,,,,,,,,,,,,,,,,,,,,,,,,,,,,,,,,,,,,,,,,,,,,,,,,,,,,,,,,,,,,,,,,,,,,,,,,,,,,,,,,,
,,,,,,,,,,,,,,,,,,,,,,,,,,,,,,,,,,,,,,,,,,,,,,,,,,,,,,,,,,,,,,,,,,,,,,,,,,,,,,,,,,,,,,,,,,,,,,,,,,,,,,,,,,,,,,,,,,,,,,,,,,,,,,
/home/isabel/clean_gr_benchmarks/blocks-world/domain.pddl, /home/isabel/clean_gr_benchmarks/blocks-world/p9.pddl, /home/isabel/clean_gr_benchmarks/blocks-world/domain.pddl, /home/isabel/clean_gr_benchmarks/blocks-world/p9.pddl, blocks,blocks_words,3,2,8,6,0,14,5,4,0,0,21,258,168,426,703,0,184,0,17,0,90,17,153,128,1201,17,5,216,904,0.0787037,4.18519,53.1765,0.294118,16,12.7059,3.49394,16,12.7059,3.49394,184,53.1765,32.7203,248,53.1765,51.7417,16,3.05882,4.97607,59,8.88235,15.8221,46,13.4118,20.7819,59,8.88235,15.8221,90,384,1064,0.360902,0.234375,1,40,5.89542,1.59788,32,4.48366,0.684806,77,12.1863,2.96749,96,12.1863,0.684806,1, /home/isabel/clean_gr_benchmarks/blocks-world/p9.pddl,81,128,3,6,2,-1,-0.024691,0.313298,0,0.6,0.489898,4.984375,0.984375,3,8,1,8,8,6,3,7,6,3,16,38,2375,8,4,4,2375,7,2,2375,8,2.82843,4,0,17,0,0,0,9,6,3
,,,,,,,,,,,,,,,,,,,,,,,,,,,,,,,,,,,,,,,,,,,,,,,,,,,,,,,,,,,,,,,,,,,,,,,,,,,,,,,,,,,,,,,,,,,,,,,,,,,,,,,,,,,,,,,,,,,,,,,,,,,,,,
,,,,,,,,,,,,,,,,,,,,,,,,,,,,,,,,,,,,,,,,,,,,,,,,,,,,,,,,,,,,,,,,,,,,,,,,,,,,,,,,,,,,,,,,,,,,,,,,,,,,,,,,,,,,,,,,,,,,,,,,,,,,,,
,,,,,,,,,,,,,,,,,,,,,,,,,,,,,,,,,,,,,,,,,,,,,,,,,,,,,,,,,,,,,,,,,,,,,,,,,,,,,,,,,,,,,,,,,,,,,,,,,,,,,,,,,,,,,,,,,,,,,,,,,,,,,,
,,,,,,,,,,,,,,,,,,,,,,,,,,,,,,,,,,,,,,,,,,,,,,,,,,,,,,,,,,,,,,,,,,,,,,,,,,,,,,,,,,,,,,,,,,,,,,,,,,,,,,,,,,,,,,,,,,,,,,,,,,,,,,
,,,,,,,,,,,,,,,,,,,,,,,,,,,,,,,,,,,,,,,,,,,,,,,,,,,,,,,,,,,,,,,,,,,,,,,,,,,,,,,,,,,,,,,,,,,,,,,,,,,,,,,,,,,,,,,,,,,,,,,,,,,,,,
,,,,,,,,,,,,,,,,,,,,,,,,,,,,,,,,,,,,,,,,,,,,,,,,,,,,,,,,,,,,,,,,,,,,,,,,,,,,,,,,,,,,,,,,,,,,,,,,,,,,,,,,,,,,,,,,,,,,,,,,,,,,,,
,,,,,,,,,,,,,,,,,,,,,,,,,,,,,,,,,,,,,,,,,,,,,,,,,,,,,,,,,,,,,,,,,,,,,,,,,,,,,,,,,,,,,,,,,,,,,,,,,,,,,,,,,,,,,,,,,,,,,,,,,,,,,,
,,,,,,,,,,,,,,,,,,,,,,,,,,,,,,,,,,,,,,,,,,,,,,,,,,,,,,,,,,,,,,,,,,,,,,,,,,,,,,,,,,,,,,,,,,,,,,,,,,,,,,,,,,,,,,,,,,,,,,,,,,,,,,
,,,,,,,,,,,,,,,,,,,,,,,,,,,,,,,,,,,,,,,,,,,,,,,,,,,,,,,,,,,,,,,,,,,,,,,,,,,,,,,,,,,,,,,,,,,,,,,,,,,,,,,,,,,,,,,,,,,,,,,,,,,,,,
,,,,,,,,,,,,,,,,,,,,,,,,,,,,,,,,,,,,,,,,,,,,,,,,,,,,,,,,,,,,,,,,,,,,,,,,,,,,,,,,,,,,,,,,,,,,,,,,,,,,,,,,,,,,,,,,,,,,,,,,,,,,,,
,,,,,,,,,,,,,,,,,,,,,,,,,,,,,,,,,,,,,,,,,,,,,,,,,,,,,,,,,,,,,,,,,,,,,,,,,,,,,,,,,,,,,,,,,,,,,,,,,,,,,,,,,,,,,,,,,,,,,,,,,,,,,,
,,,,,,,,,,,,,,,,,,,,,,,,,,,,,,,,,,,,,,,,,,,,,,,,,,,,,,,,,,,,,,,,,,,,,,,,,,,,,,,,,,,,,,,,,,,,,,,,,,,,,,,,,,,,,,,,,,,,,,,,,,,,,,
,,,,,,,,,,,,,,,,,,,,,,,,,,,,,,,,,,,,,,,,,,,,,,,,,,,,,,,,,,,,,,,,,,,,,,,,,,,,,,,,,,,,,,,,,,,,,,,,,,,,,,,,,,,,,,,,,,,,,,,,,,,,,,
,,,,,,,,,,,,,,,,,,,,,,,,,,,,,,,,,,,,,,,,,,,,,,,,,,,,,,,,,,,,,,,,,,,,,,,,,,,,,,,,,,,,,,,,,,,,,,,,,,,,,,,,,,,,,,,,,,,,,,,,,,,,,,
,,,,,,,,,,,,,,,,,,,,,,,,,,,,,,,,,,,,,,,,,,,,,,,,,,,,,,,,,,,,,,,,,,,,,,,,,,,,,,,,,,,,,,,,,,,,,,,,,,,,,,,,,,,,,,,,,,,,,,,,,,,,,,
,,,,,,,,,,,,,,,,,,,,,,,,,,,,,,,,,,,,,,,,,,,,,,,,,,,,,,,,,,,,,,,,,,,,,,,,,,,,,,,,,,,,,,,,,,,,,,,,,,,,,,,,,,,,,,,,,,,,,,,,,,,,,,
,,,,,,,,,,,,,,,,,,,,,,,,,,,,,,,,,,,,,,,,,,,,,,,,,,,,,,,,,,,,,,,,,,,,,,,,,,,,,,,,,,,,,,,,,,,,,,,,,,,,,,,,,,,,,,,,,,,,,,,,,,,,,,
,,,,,,,,,,,,,,,,,,,,,,,,,,,,,,,,,,,,,,,,,,,,,,,,,,,,,,,,,,,,,,,,,,,,,,,,,,,,,,,,,,,,,,,,,,,,,,,,,,,,,,,,,,,,,,,,,,,,,,,,,,,,,,
,,,,,,,,,,,,,,,,,,,,,,,,,,,,,,,,,,,,,,,,,,,,,,,,,,,,,,,,,,,,,,,,,,,,,,,,,,,,,,,,,,,,,,,,,,,,,,,,,,,,,,,,,,,,,,,,,,,,,,,,,,,,,,
,,,,,,,,,,,,,,,,,,,,,,,,,,,,,,,,,,,,,,,,,,,,,,,,,,,,,,,,,,,,,,,,,,,,,,,,,,,,,,,,,,,,,,,,,,,,,,,,,,,,,,,,,,,,,,,,,,,,,,,,,,,,,,
,,,,,,,,,,,,,,,,,,,,,,,,,,,,,,,,,,,,,,,,,,,,,,,,,,,,,,,,,,,,,,,,,,,,,,,,,,,,,,,,,,,,,,,,,,,,,,,,,,,,,,,,,,,,,,,,,,,,,,,,,,,,,,
,,,,,,,,,,,,,,,,,,,,,,,,,,,,,,,,,,,,,,,,,,,,,,,,,,,,,,,,,,,,,,,,,,,,,,,,,,,,,,,,,,,,,,,,,,,,,,,,,,,,,,,,,,,,,,,,,,,,,,,,,,,,,,
,,,,,,,,,,,,,,,,,,,,,,,,,,,,,,,,,,,,,,,,,,,,,,,,,,,,,,,,,,,,,,,,,,,,,,,,,,,,,,,,,,,,,,,,,,,,,,,,,,,,,,,,,,,,,,,,,,,,,,,,,,,,,,
,,,,,,,,,,,,,,,,,,,,,,,,,,,,,,,,,,,,,,,,,,,,,,,,,,,,,,,,,,,,,,,,,,,,,,,,,,,,,,,,,,,,,,,,,,,,,,,,,,,,,,,,,,,,,,,,,,,,,,,,,,,,,,
,,,,,,,,,,,,,,,,,,,,,,,,,,,,,,,,,,,,,,,,,,,,,,,,,,,,,,,,,,,,,,,,,,,,,,,,,,,,,,,,,,,,,,,,,,,,,,,,,,,,,,,,,,,,,,,,,,,,,,,,,,,,,,
,,,,,,,,,,,,,,,,,,,,,,,,,,,,,,,,,,,,,,,,,,,,,,,,,,,,,,,,,,,,,,,,,,,,,,,,,,,,,,,,,,,,,,,,,,,,,,,,,,,,,,,,,,,,,,,,,,,,,,,,,,,,,,
,,,,,,,,,,,,,,,,,,,,,,,,,,,,,,,,,,,,,,,,,,,,,,,,,,,,,,,,,,,,,,,,,,,,,,,,,,,,,,,,,,,,,,,,,,,,,,,,,,,,,,,,,,,,,,,,,,,,,,,,,,,,,,
,,,,,,,,,,,,,,,,,,,,,,,,,,,,,,,,,,,,,,,,,,,,,,,,,,,,,,,,,,,,,,,,,,,,,,,,,,,,,,,,,,,,,,,,,,,,,,,,,,,,,,,,,,,,,,,,,,,,,,,,,,,,,,
,,,,,,,,,,,,,,,,,,,,,,,,,,,,,,,,,,,,,,,,,,,,,,,,,,,,,,,,,,,,,,,,,,,,,,,,,,,,,,,,,,,,,,,,,,,,,,,,,,,,,,,,,,,,,,,,,,,,,,,,,,,,,,
,,,,,,,,,,,,,,,,,,,,,,,,,,,,,,,,,,,,,,,,,,,,,,,,,,,,,,,,,,,,,,,,,,,,,,,,,,,,,,,,,,,,,,,,,,,,,,,,,,,,,,,,,,,,,,,,,,,,,,,,,,,,,,
,,,,,,,,,,,,,,,,,,,,,,,,,,,,,,,,,,,,,,,,,,,,,,,,,,,,,,,,,,,,,,,,,,,,,,,,,,,,,,,,,,,,,,,,,,,,,,,,,,,,,,,,,,,,,,,,,,,,,,,,,,,,,,
,,,,,,,,,,,,,,,,,,,,,,,,,,,,,,,,,,,,,,,,,,,,,,,,,,,,,,,,,,,,,,,,,,,,,,,,,,,,,,,,,,,,,,,,,,,,,,,,,,,,,,,,,,,,,,,,,,,,,,,,,,,,,,
,,,,,,,,,,,,,,,,,,,,,,,,,,,,,,,,,,,,,,,,,,,,,,,,,,,,,,,,,,,,,,,,,,,,,,,,,,,,,,,,,,,,,,,,,,,,,,,,,,,,,,,,,,,,,,,,,,,,,,,,,,,,,,
,,,,,,,,,,,,,,,,,,,,,,,,,,,,,,,,,,,,,,,,,,,,,,,,,,,,,,,,,,,,,,,,,,,,,,,,,,,,,,,,,,,,,,,,,,,,,,,,,,,,,,,,,,,,,,,,,,,,,,,,,,,,,,
,,,,,,,,,,,,,,,,,,,,,,,,,,,,,,,,,,,,,,,,,,,,,,,,,,,,,,,,,,,,,,,,,,,,,,,,,,,,,,,,,,,,,,,,,,,,,,,,,,,,,,,,,,,,,,,,,,,,,,,,,,,,,,
,,,,,,,,,,,,,,,,,,,,,,,,,,,,,,,,,,,,,,,,,,,,,,,,,,,,,,,,,,,,,,,,,,,,,,,,,,,,,,,,,,,,,,,,,,,,,,,,,,,,,,,,,,,,,,,,,,,,,,,,,,,,,,
,,,,,,,,,,,,,,,,,,,,,,,,,,,,,,,,,,,,,,,,,,,,,,,,,,,,,,,,,,,,,,,,,,,,,,,,,,,,,,,,,,,,,,,,,,,,,,,,,,,,,,,,,,,,,,,,,,,,,,,,,,,,,,
,,,,,,,,,,,,,,,,,,,,,,,,,,,,,,,,,,,,,,,,,,,,,,,,,,,,,,,,,,,,,,,,,,,,,,,,,,,,,,,,,,,,,,,,,,,,,,,,,,,,,,,,,,,,,,,,,,,,,,,,,,,,,,
,,,,,,,,,,,,,,,,,,,,,,,,,,,,,,,,,,,,,,,,,,,,,,,,,,,,,,,,,,,,,,,,,,,,,,,,,,,,,,,,,,,,,,,,,,,,,,,,,,,,,,,,,,,,,,,,,,,,,,,,,,,,,,
,,,,,,,,,,,,,,,,,,,,,,,,,,,,,,,,,,,,,,,,,,,,,,,,,,,,,,,,,,,,,,,,,,,,,,,,,,,,,,,,,,,,,,,,,,,,,,,,,,,,,,,,,,,,,,,,,,,,,,,,,,,,,,
,,,,,,,,,,,,,,,,,,,,,,,,,,,,,,,,,,,,,,,,,,,,,,,,,,,,,,,,,,,,,,,,,,,,,,,,,,,,,,,,,,,,,,,,,,,,,,,,,,,,,,,,,,,,,,,,,,,,,,,,,,,,,,
,,,,,,,,,,,,,,,,,,,,,,,,,,,,,,,,,,,,,,,,,,,,,,,,,,,,,,,,,,,,,,,,,,,,,,,,,,,,,,,,,,,,,,,,,,,,,,,,,,,,,,,,,,,,,,,,,,,,,,,,,,,,,,
,,,,,,,,,,,,,,,,,,,,,,,,,,,,,,,,,,,,,,,,,,,,,,,,,,,,,,,,,,,,,,,,,,,,,,,,,,,,,,,,,,,,,,,,,,,,,,,,,,,,,,,,,,,,,,,,,,,,,,,,,,,,,,
,,,,,,,,,,,,,,,,,,,,,,,,,,,,,,,,,,,,,,,,,,,,,,,,,,,,,,,,,,,,,,,,,,,,,,,,,,,,,,,,,,,,,,,,,,,,,,,,,,,,,,,,,,,,,,,,,,,,,,,,,,,,,,
,,,,,,,,,,,,,,,,,,,,,,,,,,,,,,,,,,,,,,,,,,,,,,,,,,,,,,,,,,,,,,,,,,,,,,,,,,,,,,,,,,,,,,,,,,,,,,,,,,,,,,,,,,,,,,,,,,,,,,,,,,,,,,
,,,,,,,,,,,,,,,,,,,,,,,,,,,,,,,,,,,,,,,,,,,,,,,,,,,,,,,,,,,,,,,,,,,,,,,,,,,,,,,,,,,,,,,,,,,,,,,,,,,,,,,,,,,,,,,,,,,,,,,,,,,,,,
,,,,,,,,,,,,,,,,,,,,,,,,,,,,,,,,,,,,,,,,,,,,,,,,,,,,,,,,,,,,,,,,,,,,,,,,,,,,,,,,,,,,,,,,,,,,,,,,,,,,,,,,,,,,,,,,,,,,,,,,,,,,,,
,,,,,,,,,,,,,,,,,,,,,,,,,,,,,,,,,,,,,,,,,,,,,,,,,,,,,,,,,,,,,,,,,,,,,,,,,,,,,,,,,,,,,,,,,,,,,,,,,,,,,,,,,,,,,,,,,,,,,,,,,,,,,,
,,,,,,,,,,,,,,,,,,,,,,,,,,,,,,,,,,,,,,,,,,,,,,,,,,,,,,,,,,,,,,,,,,,,,,,,,,,,,,,,,,,,,,,,,,,,,,,,,,,,,,,,,,,,,,,,,,,,,,,,,,,,,,
,,,,,,,,,,,,,,,,,,,,,,,,,,,,,,,,,,,,,,,,,,,,,,,,,,,,,,,,,,,,,,,,,,,,,,,,,,,,,,,,,,,,,,,,,,,,,,,,,,,,,,,,,,,,,,,,,,,,,,,,,,,,,,
,,,,,,,,,,,,,,,,,,,,,,,,,,,,,,,,,,,,,,,,,,,,,,,,,,,,,,,,,,,,,,,,,,,,,,,,,,,,,,,,,,,,,,,,,,,,,,,,,,,,,,,,,,,,,,,,,,,,,,,,,,,,,,
,,,,,,,,,,,,,,,,,,,,,,,,,,,,,,,,,,,,,,,,,,,,,,,,,,,,,,,,,,,,,,,,,,,,,,,,,,,,,,,,,,,,,,,,,,,,,,,,,,,,,,,,,,,,,,,,,,,,,,,,,,,,,,
,,,,,,,,,,,,,,,,,,,,,,,,,,,,,,,,,,,,,,,,,,,,,,,,,,,,,,,,,,,,,,,,,,,,,,,,,,,,,,,,,,,,,,,,,,,,,,,,,,,,,,,,,,,,,,,,,,,,,,,,,,,,,,
/home/isabel/clean_gr_benchmarks/depots/domain.pddl, /home/isabel/clean_gr_benchmarks/depots/p20.pddl, /home/isabel/clean_gr_benchmarks/depots/domain.pddl, /home/isabel/clean_gr_benchmarks/depots/p20.pddl, depots,depotsproblem,2,10,16,7,0,22,2,5,0,0,43,265,292,557,793,0,112,0,16,0,60,16,90,112,952,16,2,154,920,0.103896,5.97403,57.5,125,13,9625,2.54644,14,9625,4.02919,128,57.5,42.0922,104,57.5,32.7223,11,1375,3.63791,96,12,31749,128,16,42332,96,12,31749,60,416,1456,0.285714,0.144231,1,28,5925,1.54823,28,5675,1.54823,116,11.2977,5.70768,116,11.0477,1.54823,1, /home/isabel/clean_gr_benchmarks/depots/p20.pddl,50,136,4,5,1.25,-1,0,0.4,0,0.5,0.5,2.367647,0,0,5,1,3,6,5,1,2,5,4,10,12,1.2,7,2,1,1.2,2,0,1.2,8,2.44949,2,2,16,2,0,0,0,6,10
,,,,,,,,,,,,,,,,,,,,,,,,,,,,,,,,,,,,,,,,,,,,,,,,,,,,,,,,,,,,,,,,,,,,,,,,,,,,,,,,,,,,,,,,,,,,,,,,,,,,,,,,,,,,,,,,,,,,,,,,,,,,,,
/home/isabel/clean_gr_benchmarks/depots/domain.pddl, /home/isabel/clean_gr_benchmarks/depots/p22.pddl, /home/isabel/clean_gr_benchmarks/depots/domain.pddl, /home/isabel/clean_gr_benchmarks/depots/p22.pddl, depots,depotsproblem,2,10,16,7,0,22,2,5,0,0,43,265,292,557,793,0,112,0,16,0,60,16,90,112,952,16,2,154,920,0.103896,5.97403,57.5,125,13,9625,2.54644,14,9625,4.02919,128,57.5,42.0922,104,57.5,32.7223,11,1375,3.63791,96,12,31749,128,16,42332,96,12,31749,60,416,1456,0.285714,0.144231,1,28,5925,1.54823,28,5675,1.54823,116,11.2977,5.70768,116,11.0477,1.54823,1, /home/isabel/clean_gr_benchmarks/depots/p22.pddl,50,136,4,11,2.75,-2,0,0.6,1,1,0,4.735294,0.191176,4,11,1,7,12,9,2,8,6,4,17,45,2.64706,10,2,5,2.64706,5,1,2.64706,13,3.87298,2,2,16,2,0,0,0,10,5
,,,,,,,,,,,,,,,,,,,,,,,,,,,,,,,,,,,,,,,,,,,,,,,,,,,,,,,,,,,,,,,,,,,,,,,,,,,,,,,,,,,,,,,,,,,,,,,,,,,,,,,,,,,,,,,,,,,,,,,,,,,,,,
,,,,,,,,,,,,,,,,,,,,,,,,,,,,,,,,,,,,,,,,,,,,,,,,,,,,,,,,,,,,,,,,,,,,,,,,,,,,,,,,,,,,,,,,,,,,,,,,,,,,,,,,,,,,,,,,,,,,,,,,,,,,,,
,,,,,,,,,,,,,,,,,,,,,,,,,,,,,,,,,,,,,,,,,,,,,,,,,,,,,,,,,,,,,,,,,,,,,,,,,,,,,,,,,,,,,,,,,,,,,,,,,,,,,,,,,,,,,,,,,,,,,,,,,,,,,,
/home/isabel/clean_gr_benchmarks/depots/domain.pddl, /home/isabel/clean_gr_benchmarks/depots/p26.pddl, /home/isabel/clean_gr_benchmarks/depots/domain.pddl, /home/isabel/clean_gr_benchmarks/depots/p26.pddl, depots,depotsproblem,2,10,16,7,0,22,2,5,0,0,43,265,292,557,793,0,112,0,16,0,60,16,90,112,952,16,2,154,920,0.103896,5.97403,57.5,125,13,9625,2.54644,14,9625,4.02919,128,57.5,42.0922,104,57.5,32.7223,11,1375,3.63791,96,12,31749,128,16,42332,96,12,31749,60,416,1456,0.285714,0.144231,1,28,5925,1.54823,28,5675,1.54823,116,11.2977,5.70768,116,11.0477,1.54823,1, /home/isabel/clean_gr_benchmarks/depots/p26.pddl,50,136,4,6,1.5,-2,0,0.489898,0,0.5,0.5,2.367647,0.191176,4,5,1,3,5,5,1,2,5,4,10,12,1.2,7,2,1,1.2,2,0,1.2,8,2.44949,2,2,16,2,0,0,0,5,4
,,,,,,,,,,,,,,,,,,,,,,,,,,,,,,,,,,,,,,,,,,,,,,,,,,,,,,,,,,,,,,,,,,,,,,,,,,,,,,,,,,,,,,,,,,,,,,,,,,,,,,,,,,,,,,,,,,,,,,,,,,,,,,
,,,,,,,,,,,,,,,,,,,,,,,,,,,,,,,,,,,,,,,,,,,,,,,,,,,,,,,,,,,,,,,,,,,,,,,,,,,,,,,,,,,,,,,,,,,,,,,,,,,,,,,,,,,,,,,,,,,,,,,,,,,,,,
,,,,,,,,,,,,,,,,,,,,,,,,,,,,,,,,,,,,,,,,,,,,,,,,,,,,,,,,,,,,,,,,,,,,,,,,,,,,,,,,,,,,,,,,,,,,,,,,,,,,,,,,,,,,,,,,,,,,,,,,,,,,,,
,,,,,,,,,,,,,,,,,,,,,,,,,,,,,,,,,,,,,,,,,,,,,,,,,,,,,,,,,,,,,,,,,,,,,,,,,,,,,,,,,,,,,,,,,,,,,,,,,,,,,,,,,,,,,,,,,,,,,,,,,,,,,,
,,,,,,,,,,,,,,,,,,,,,,,,,,,,,,,,,,,,,,,,,,,,,,,,,,,,,,,,,,,,,,,,,,,,,,,,,,,,,,,,,,,,,,,,,,,,,,,,,,,,,,,,,,,,,,,,,,,,,,,,,,,,,,
,,,,,,,,,,,,,,,,,,,,,,,,,,,,,,,,,,,,,,,,,,,,,,,,,,,,,,,,,,,,,,,,,,,,,,,,,,,,,,,,,,,,,,,,,,,,,,,,,,,,,,,,,,,,,,,,,,,,,,,,,,,,,,
,,,,,,,,,,,,,,,,,,,,,,,,,,,,,,,,,,,,,,,,,,,,,,,,,,,,,,,,,,,,,,,,,,,,,,,,,,,,,,,,,,,,,,,,,,,,,,,,,,,,,,,,,,,,,,,,,,,,,,,,,,,,,,
,,,,,,,,,,,,,,,,,,,,,,,,,,,,,,,,,,,,,,,,,,,,,,,,,,,,,,,,,,,,,,,,,,,,,,,,,,,,,,,,,,,,,,,,,,,,,,,,,,,,,,,,,,,,,,,,,,,,,,,,,,,,,,
,,,,,,,,,,,,,,,,,,,,,,,,,,,,,,,,,,,,,,,,,,,,,,,,,,,,,,,,,,,,,,,,,,,,,,,,,,,,,,,,,,,,,,,,,,,,,,,,,,,,,,,,,,,,,,,,,,,,,,,,,,,,,,
,,,,,,,,,,,,,,,,,,,,,,,,,,,,,,,,,,,,,,,,,,,,,,,,,,,,,,,,,,,,,,,,,,,,,,,,,,,,,,,,,,,,,,,,,,,,,,,,,,,,,,,,,,,,,,,,,,,,,,,,,,,,,,
,,,,,,,,,,,,,,,,,,,,,,,,,,,,,,,,,,,,,,,,,,,,,,,,,,,,,,,,,,,,,,,,,,,,,,,,,,,,,,,,,,,,,,,,,,,,,,,,,,,,,,,,,,,,,,,,,,,,,,,,,,,,,,
,,,,,,,,,,,,,,,,,,,,,,,,,,,,,,,,,,,,,,,,,,,,,,,,,,,,,,,,,,,,,,,,,,,,,,,,,,,,,,,,,,,,,,,,,,,,,,,,,,,,,,,,,,,,,,,,,,,,,,,,,,,,,,
,,,,,,,,,,,,,,,,,,,,,,,,,,,,,,,,,,,,,,,,,,,,,,,,,,,,,,,,,,,,,,,,,,,,,,,,,,,,,,,,,,,,,,,,,,,,,,,,,,,,,,,,,,,,,,,,,,,,,,,,,,,,,,
,,,,,,,,,,,,,,,,,,,,,,,,,,,,,,,,,,,,,,,,,,,,,,,,,,,,,,,,,,,,,,,,,,,,,,,,,,,,,,,,,,,,,,,,,,,,,,,,,,,,,,,,,,,,,,,,,,,,,,,,,,,,,,
,,,,,,,,,,,,,,,,,,,,,,,,,,,,,,,,,,,,,,,,,,,,,,,,,,,,,,,,,,,,,,,,,,,,,,,,,,,,,,,,,,,,,,,,,,,,,,,,,,,,,,,,,,,,,,,,,,,,,,,,,,,,,,
,,,,,,,,,,,,,,,,,,,,,,,,,,,,,,,,,,,,,,,,,,,,,,,,,,,,,,,,,,,,,,,,,,,,,,,,,,,,,,,,,,,,,,,,,,,,,,,,,,,,,,,,,,,,,,,,,,,,,,,,,,,,,,
,,,,,,,,,,,,,,,,,,,,,,,,,,,,,,,,,,,,,,,,,,,,,,,,,,,,,,,,,,,,,,,,,,,,,,,,,,,,,,,,,,,,,,,,,,,,,,,,,,,,,,,,,,,,,,,,,,,,,,,,,,,,,,
,,,,,,,,,,,,,,,,,,,,,,,,,,,,,,,,,,,,,,,,,,,,,,,,,,,,,,,,,,,,,,,,,,,,,,,,,,,,,,,,,,,,,,,,,,,,,,,,,,,,,,,,,,,,,,,,,,,,,,,,,,,,,,
,,,,,,,,,,,,,,,,,,,,,,,,,,,,,,,,,,,,,,,,,,,,,,,,,,,,,,,,,,,,,,,,,,,,,,,,,,,,,,,,,,,,,,,,,,,,,,,,,,,,,,,,,,,,,,,,,,,,,,,,,,,,,,
,,,,,,,,,,,,,,,,,,,,,,,,,,,,,,,,,,,,,,,,,,,,,,,,,,,,,,,,,,,,,,,,,,,,,,,,,,,,,,,,,,,,,,,,,,,,,,,,,,,,,,,,,,,,,,,,,,,,,,,,,,,,,,
,,,,,,,,,,,,,,,,,,,,,,,,,,,,,,,,,,,,,,,,,,,,,,,,,,,,,,,,,,,,,,,,,,,,,,,,,,,,,,,,,,,,,,,,,,,,,,,,,,,,,,,,,,,,,,,,,,,,,,,,,,,,,,
,,,,,,,,,,,,,,,,,,,,,,,,,,,,,,,,,,,,,,,,,,,,,,,,,,,,,,,,,,,,,,,,,,,,,,,,,,,,,,,,,,,,,,,,,,,,,,,,,,,,,,,,,,,,,,,,,,,,,,,,,,,,,,
,,,,,,,,,,,,,,,,,,,,,,,,,,,,,,,,,,,,,,,,,,,,,,,,,,,,,,,,,,,,,,,,,,,,,,,,,,,,,,,,,,,,,,,,,,,,,,,,,,,,,,,,,,,,,,,,,,,,,,,,,,,,,,
,,,,,,,,,,,,,,,,,,,,,,,,,,,,,,,,,,,,,,,,,,,,,,,,,,,,,,,,,,,,,,,,,,,,,,,,,,,,,,,,,,,,,,,,,,,,,,,,,,,,,,,,,,,,,,,,,,,,,,,,,,,,,,
,,,,,,,,,,,,,,,,,,,,,,,,,,,,,,,,,,,,,,,,,,,,,,,,,,,,,,,,,,,,,,,,,,,,,,,,,,,,,,,,,,,,,,,,,,,,,,,,,,,,,,,,,,,,,,,,,,,,,,,,,,,,,,
,,,,,,,,,,,,,,,,,,,,,,,,,,,,,,,,,,,,,,,,,,,,,,,,,,,,,,,,,,,,,,,,,,,,,,,,,,,,,,,,,,,,,,,,,,,,,,,,,,,,,,,,,,,,,,,,,,,,,,,,,,,,,,
,,,,,,,,,,,,,,,,,,,,,,,,,,,,,,,,,,,,,,,,,,,,,,,,,,,,,,,,,,,,,,,,,,,,,,,,,,,,,,,,,,,,,,,,,,,,,,,,,,,,,,,,,,,,,,,,,,,,,,,,,,,,,,
,,,,,,,,,,,,,,,,,,,,,,,,,,,,,,,,,,,,,,,,,,,,,,,,,,,,,,,,,,,,,,,,,,,,,,,,,,,,,,,,,,,,,,,,,,,,,,,,,,,,,,,,,,,,,,,,,,,,,,,,,,,,,,
,,,,,,,,,,,,,,,,,,,,,,,,,,,,,,,,,,,,,,,,,,,,,,,,,,,,,,,,,,,,,,,,,,,,,,,,,,,,,,,,,,,,,,,,,,,,,,,,,,,,,,,,,,,,,,,,,,,,,,,,,,,,,,
,,,,,,,,,,,,,,,,,,,,,,,,,,,,,,,,,,,,,,,,,,,,,,,,,,,,,,,,,,,,,,,,,,,,,,,,,,,,,,,,,,,,,,,,,,,,,,,,,,,,,,,,,,,,,,,,,,,,,,,,,,,,,,
,,,,,,,,,,,,,,,,,,,,,,,,,,,,,,,,,,,,,,,,,,,,,,,,,,,,,,,,,,,,,,,,,,,,,,,,,,,,,,,,,,,,,,,,,,,,,,,,,,,,,,,,,,,,,,,,,,,,,,,,,,,,,,
,,,,,,,,,,,,,,,,,,,,,,,,,,,,,,,,,,,,,,,,,,,,,,,,,,,,,,,,,,,,,,,,,,,,,,,,,,,,,,,,,,,,,,,,,,,,,,,,,,,,,,,,,,,,,,,,,,,,,,,,,,,,,,
,,,,,,,,,,,,,,,,,,,,,,,,,,,,,,,,,,,,,,,,,,,,,,,,,,,,,,,,,,,,,,,,,,,,,,,,,,,,,,,,,,,,,,,,,,,,,,,,,,,,,,,,,,,,,,,,,,,,,,,,,,,,,,
,,,,,,,,,,,,,,,,,,,,,,,,,,,,,,,,,,,,,,,,,,,,,,,,,,,,,,,,,,,,,,,,,,,,,,,,,,,,,,,,,,,,,,,,,,,,,,,,,,,,,,,,,,,,,,,,,,,,,,,,,,,,,,
,,,,,,,,,,,,,,,,,,,,,,,,,,,,,,,,,,,,,,,,,,,,,,,,,,,,,,,,,,,,,,,,,,,,,,,,,,,,,,,,,,,,,,,,,,,,,,,,,,,,,,,,,,,,,,,,,,,,,,,,,,,,,,
,,,,,,,,,,,,,,,,,,,,,,,,,,,,,,,,,,,,,,,,,,,,,,,,,,,,,,,,,,,,,,,,,,,,,,,,,,,,,,,,,,,,,,,,,,,,,,,,,,,,,,,,,,,,,,,,,,,,,,,,,,,,,,
,,,,,,,,,,,,,,,,,,,,,,,,,,,,,,,,,,,,,,,,,,,,,,,,,,,,,,,,,,,,,,,,,,,,,,,,,,,,,,,,,,,,,,,,,,,,,,,,,,,,,,,,,,,,,,,,,,,,,,,,,,,,,,
,,,,,,,,,,,,,,,,,,,,,,,,,,,,,,,,,,,,,,,,,,,,,,,,,,,,,,,,,,,,,,,,,,,,,,,,,,,,,,,,,,,,,,,,,,,,,,,,,,,,,,,,,,,,,,,,,,,,,,,,,,,,,,
/home/isabel/clean_gr_benchmarks/driverlog/domain.pddl, /home/isabel/clean_gr_benchmarks/driverlog/p12.pddl, /home/isabel/clean_gr_benchmarks/driverlog/domain.pddl, /home/isabel/clean_gr_benchmarks/driverlog/p12.pddl, driverlog,driverlogproblem,1,1,11,11,0,33,4,6,0,0,54,168,212,380,456,0,12,0,8,0,34,8,36,88,454,8,4,22,132,0.363636,6,16.5,0.5,5,2.75,1.92029,4,2.75,0.829156,36,16.5,14.3091,24,16.5,4.97494,5,1125,1.96453,18,6.75,6.99553,36,7.5,13.3323,18,6.75,6.99553,34,112,244,0.459016,0.303571,1,7,3.31429,0.606218,6,3.31429,0.606218,15,6.48571,1.21244,10,6.48571,0.606218,1, /home/isabel/clean_gr_benchmarks/driverlog/p12.pddl,32,88,7,8,1.142857,-1,-0.03125,0.466662,-1,-0.25,0.829156,1.454545,0.545455,9,8,1,3,8,8,1,4,8,7,8,6,0.75,2,4,2,0.75,2,0,0.75,4,1,1,0,8,0,0,0,0,8,3
,,,,,,,,,,,,,,,,,,,,,,,,,,,,,,,,,,,,,,,,,,,,,,,,,,,,,,,,,,,,,,,,,,,,,,,,,,,,,,,,,,,,,,,,,,,,,,,,,,,,,,,,,,,,,,,,,,,,,,,,,,,,,,
,,,,,,,,,,,,,,,,,,,,,,,,,,,,,,,,,,,,,,,,,,,,,,,,,,,,,,,,,,,,,,,,,,,,,,,,,,,,,,,,,,,,,,,,,,,,,,,,,,,,,,,,,,,,,,,,,,,,,,,,,,,,,,
/home/isabel/clean_gr_benchmarks/driverlog/domain.pddl, /home/isabel/clean_gr_benchmarks/driverlog/p15.pddl, /home/isabel/clean_gr_benchmarks/driverlog/domain.pddl, /home/isabel/clean_gr_benchmarks/driverlog/p15.pddl, driverlog,driverlogproblem,1,1,11,11,0,33,4,6,0,0,54,168,212,380,456,0,12,0,8,0,34,8,36,88,454,8,4,22,132,0.363636,6,16.5,0.5,5,2.75,1.92029,4,2.75,0.829156,36,16.5,14.3091,24,16.5,4.97494,5,1125,1.96453,18,6.75,6.99553,36,7.5,13.3323,18,6.75,6.99553,34,112,244,0.459016,0.303571,1,7,3.31429,0.606218,6,3.31429,0.606218,15,6.48571,1.21244,10,6.48571,0.606218,1, /home/isabel/clean_gr_benchmarks/driverlog/p15.pddl,32,88,7,8,1.142857,-1,-0.03125,0.466662,-1,0.25,0.829156,1.909091,0.090909,7,14,1,4,14,10,2,8,8,7,13,20,1.53846,4,4,5,1.53846,3,1,1.53846,7,2,1,0,8,0,0,0,0,8,2
,,,,,,,,,,,,,,,,,,,,,,,,,,,,,,,,,,,,,,,,,,,,,,,,,,,,,,,,,,,,,,,,,,,,,,,,,,,,,,,,,,,,,,,,,,,,,,,,,,,,,,,,,,,,,,,,,,,,,,,,,,,,,,
,,,,,,,,,,,,,,,,,,,,,,,,,,,,,,,,,,,,,,,,,,,,,,,,,,,,,,,,,,,,,,,,,,,,,,,,,,,,,,,,,,,,,,,,,,,,,,,,,,,,,,,,,,,,,,,,,,,,,,,,,,,,,,
/home/isabel/clean_gr_benchmarks/driverlog/domain.pddl, /home/isabel/clean_gr_benchmarks/driverlog/p18.pddl, /home/isabel/clean_gr_benchmarks/driverlog/domain.pddl, /home/isabel/clean_gr_benchmarks/driverlog/p18.pddl, driverlog,driverlogproblem,1,1,11,11,0,33,4,6,0,0,54,168,212,380,456,0,12,0,8,0,34,8,36,88,454,8,4,22,132,0.363636,6,16.5,0.5,5,2.75,1.92029,4,2.75,0.829156,36,16.5,14.3091,24,16.5,4.97494,5,1125,1.96453,18,6.75,6.99553,36,7.5,13.3323,18,6.75,6.99553,34,112,244,0.459016,0.303571,1,7,3.31429,0.606218,6,3.31429,0.606218,15,6.48571,1.21244,10,6.48571,0.606218,1, /home/isabel/clean_gr_benchmarks/driverlog/p18.pddl,32,88,7,9,1.285714,-2,-0.03125,0.585469,-1,0.25,0.829156,1.909091,0.545455,9,14,1,4,14,10,2,9,9,7,14,21,1.5,5,4,5,1.5,3,1,1.5,7,2.23607,1,0,8,0,0,0,0,9,4
/home/isabel/clean_gr_benchmarks/driverlog/domain.pddl, /home/isabel/clean_gr_benchmarks/driverlog/p19.pddl, /home/isabel/clean_gr_benchmarks/driverlog/domain.pddl, /home/isabel/clean_gr_benchmarks/driverlog/p19.pddl, driverlog,driverlogproblem,1,1,11,11,0,33,4,6,0,0,54,168,212,380,456,0,12,0,8,0,34,8,36,88,454,8,4,22,132,0.363636,6,16.5,0.5,5,2.75,1.92029,4,2.75,0.829156,36,16.5,14.3091,24,16.5,4.97494,5,1125,1.96453,18,6.75,6.99553,36,7.5,13.3323,18,6.75,6.99553,34,112,244,0.459016,0.303571,1,7,3.31429,0.606218,6,3.31429,0.606218,15,6.48571,1.21244,10,6.48571,0.606218,1, /home/isabel/clean_gr_benchmarks/driverlog/p19.pddl,32,88,7,8,1.142857,-1,-0.03125,0.466662,0,0.5,0.5,1.954545,0.045455,5,16,1,6,16,12,3,7,8,7,12,15,1.25,5,4,3,1.25,3,0,1.25,5,1.41421,1,0,8,0,0,0,0,10,3
